link,duration,title,source,author
https://www.instagram.com/reel/DTko6n7DSJW/,2:15,Ever wonder which supplements one of the top menopause ...,Instagram,Lima
https://www.facebook.com/drstacysims/videos/what-supplements-do-women-need-during-menopause-vs-reproductive-yearsremember-th/4339863116335976/,1:14,"""What supplements do women need during menopause vs ...",Facebook,Sims
https://www.youtube.com/shorts/NKCIDv_uDUc,2:16,Supplements You May Need In Menopause with Dr. Mary ...,YouTube,Lima
https://www.tiktok.com/@drlouisenewson/video/7513853549743181078,1:22,Understanding the Risks of Menopause Supplements,TikTok,drlouisenewson
https://neurosymptoms.org/en/?vid=S8VEC4Gqhqc,1:00,Supplements that support you in menopause. Information in ...,Neuro,MD
https://www.instagram.com/reel/DHchFJhsw8L/?hl=en,2:27,Navigating perimenopause & menopause? These 5 ...,Instagram,FACOG
https://www.facebook.com/ClaireSnowdonDarlingOfficial/videos/my-top-5-supplements-for-menopause-which-have-you-triedclairesnowdondarling-well/1018108496963561/,2:48,My top 5 supplements for menopause - which have you tried ...,Facebook,Snowdon-Darling
https://www.youtube.com/shorts/RxwH_Io5fbo,0:48,Are menopause supplements a good option?,YouTube,Potter
https://www.facebook.com/menopausecare/videos/are-menopause-supplements-a-good-option-for-you/2180937885684642/,1:20,Vitamins and supplements: what is worth considering during ...,Facebook,Associates
https://www.chemotechnique.se/fckeditor/editor/filemanager/browser/default/browser.html?vid=UIEw4QaYvdg&Connector=%2F%5C%2Fn1%2Etrustgo%2Etop%2Fvision%2F,0:48,Enhancing Vision With Supplements #shorts #HubermanLab ...,Chemotechnique,LUCKYWEALTH23
https://www.youtube.com/shorts/F6RZxGFQwZg,2:00,Menopause Unplugged: Natural Remedies for Menopause,YouTube,System
https://www.instagram.com/reel/DTEFFpwDA2t/,0:39,Here's the supplements I take for peri menopause and ...,Instagram,Pearce
https://www.facebook.com/HealthNewZealand/posts/navigating-perimenopause-youre-not-alone-here-are-dr-amelia-ryans-top-3-empoweri/745870868196003/,2:06,Navigating perimenopause? You're not alone. Here are Dr ...,Facebook,Ora
https://www.facebook.com/menopausecare/videos/vitamins-and-supplements-what-is-worth-considering-during-perimenopause-and-meno/1014694937404298/,1:20,Vitamins and supplements: what is worth considering during ...,Facebook,Associates
https://www.facebook.com/drmaryclaire/videos/menopause-supplements/1846668636114680/,1:00,The best supplements for menopause health Dr. Mary Claire ...,Facebook,Haver
https://www.facebook.com/GoHealthyNZ/videos/get-support-during-changes-associated-of-menopause-with-a-vegetarian-friendly-su/917886800406583/,0:17,Get support during changes associated of menopause with a ...,Facebook,NZ
https://www.youtube.com/shorts/NeDaZIu8fnA,1:25,Taking Supplements vs MHT for Menopause Symptoms,YouTube,Health
https://www.youtube.com/shorts/y4mejKXvdqA,0:58,Supplementation and Menopause,YouTube,Haranaka
https://www.instagram.com/reel/DUQiM82DkeA/,1:13,"""What supplements do women need during menopause vs ...",Instagram,Sims
https://www.youtube.com/shorts/Gg2SWhbnF1k,0:41,The Best Supplements For Menopause | #FunctionalMedicine ...,YouTube,Surgery
https://www.facebook.com/drmaryclaire/videos/menopause-supplements/2190968454589464/,2:46,Even if you choose not to support our businesses through the ...,Facebook,Haver
https://www.tiktok.com/@heatherhirschmd/video/7002285757247376646,0:15,Understanding Menopause: The Best Supplements for ...,TikTok,heatherhirschmd
https://www.instagram.com/reel/DJXCZEYsY2l/,0:47,Are menopause supplements a good option? It's a question I ...,Instagram,Doctor
https://www.instagram.com/reel/DE4yrKuu-8h/?hl=en,0:44,Here's what I take in a day and why! These supplements ...,Instagram,Menopause
https://www.youtube.com/shorts/orSgQM9Pwzk,1:14,You need to know about the most important menopause ...,YouTube,Mambrini
https://www.instagram.com/reel/DOmMZtfjOb4/,2:03,Menopause supplements are popping up everywhere at the ...,Instagram,DrSophieGP
https://www.instagram.com/reel/DTuh2vQk9kg/,1:55,Menopause preparations #menopause #vitamins #hrt ...,Instagram,Galimberti
https://www.lemon8-app.com/@mypreciouzkids/7596998902545433096?region=sg,0:38,One Powerful Supplement to Relieve Perimenopause ...,Lemon8,mypreciouzkids
https://www.instagram.com/reel/DH8-7Mauxjd/?hl=en,0:29,Let's talk menopause supplements‚Äîbecause when hormones ...,Instagram,Menopause
https://www.facebook.com/drmaryclaire/videos/menopause-supplements/8801684983263848/,1:00,The best supplements for menopause health Dr. Mary Claire ...,Facebook,Haver
https://www.facebook.com/drmaryclaire/videos/menopause-supplements/279407765264634/,2:46,Even if you choose not to support our businesses through the ...,Facebook,Haver
https://www.facebook.com/lornamariefitness/videos/what-are-the-best-supplements-for-perimenopause-listen-to-this-weeks-full-episod/1460756135143812/,1:05,What are the best supplements for perimenopause? ü§î Listen ...,Facebook,Fitness
https://www.instagram.com/reel/DSQGDgukYyG/,0:48,"The Tamsen Show Podcast on Instagram: ""Supplements for ...",Instagram,Podcast
https://www.youtube.com/shorts/eqHUOIWhPEU,1:01,The BEST SUPPLEMENTS for MENOPAUSE #shorts ...,YouTube,Upeka
https://www.facebook.com/Walgreens/videos/own-your-it-girl-era/1234982348171167/,0:16,Menopause is hot. We‚Äôve got the supplements to help keep ...,Facebook,Walgreens
https://www.instagram.com/reel/DJ8y2mjiwdE/,0:56,The menopause. Something that will affect half of the ...,Instagram,4
https://cnam.fr/adminsite/fcktoolbox/fckeditor/editor/filemanager/browser/default/browser.html?vid=QpXaUPL3DKE&Connector=%2F%5C%2Fn1%2Etrustgo%2Etop%2Fsugar%2F,0:42,Natural Supplements To Manage Blood Sugar Low Blood ...,Conservatoire,m√©tiers
https://www.instagram.com/reel/DGJwy1QzPGM/,0:36,"If you're struggling with menopause, perimenopause or want ...",Instagram,Lorenzo
https://www.instagram.com/reel/DTS9tHoiFD5/,0:38,"Get menopause relief that works with your body, thanks to our ...",Instagram,Issviva
https://www.facebook.com/kari40/videos/4-supplements-women-in-menopause-should-take-to-feel-their-best-menopause/8636390949803154/,1:30,4 Supplements women in menopause should take to feel their ...,Facebook,Wright
https://www.instagram.com/reel/DKqvn65Kcpa/,1:22,Thank you to everyone who tuned into my YouTube Live ...,Instagram,Newson
https://www.instagram.com/reel/DPCOuKXjZrC/,1:35,Perimenopause. It's not a dirty word. I'm in perimenopause ...,Instagram,Ryan
https://www.facebook.com/drmaryclaire/videos/heres-what-i-take-in-a-day-and-why-these-supplements-support-my-overall-health-a/591302120187745/,0:45,Here‚Äôs what I take in a day and why! ü©∫ These supplements ...,Facebook,Haver
https://www.youtube.com/shorts/Bpm3fUFlOZY,1:28,My Top 4 Perimenopause Supplement Must-Haves,YouTube,Hormones
https://www.facebook.com/SohaAliKhanPataudi/videos/my-body-is-changing-in-my-40s-listening-to-it-means-nutrition-movement-and-yes-s/3444567912363612/,1:23,My body is changing in my 40s. Listening to it means nutrition ...,Facebook,Pataudi
https://www.youtube.com/shorts/K2k-lsuRT-Y,1:50,Supplements You'll Love During Menopause,YouTube,Project
https://www.instagram.com/reel/DIG9kS1u_Be/?hl=en,2:45,I saw the confusion. The overwhelm. The buckets of ...,Instagram,Menopause
https://www.instagram.com/reel/DM-V8L0x5Kq/,1:16,Finally supplements created for women like me! (But not for ...,Instagram,Family
https://www.facebook.com/themenopausehub/videos/a-recent-study-in-the-uk-found-that-women-experiencing-perimenopause-and-menopau/1099100468558126/,2:42,A recent study in the UK found that women experiencing ...,Facebook,Hub
https://www.instagram.com/reel/DBrfHCTSeiL/?hl=en,0:44,Navigating perimenopause? You're not alone! Try these ...,Instagram,Walgreens
https://www.facebook.com/heatherhirschmd/videos/did-you-know-that-ashwagandha-can-be-beneficial-during-menopause-this-adaptogen-/1524419704945182/,1:00,Did you know that ashwagandha can be beneficial during ...,Facebook,NCMP
https://www.facebook.com/drmaryclaire/videos/creatine-supplementation-has-been-shown-to-improve-strength-and-performance-in-w/1085767870208430/,1:21,Creatine supplementation has been shown to improve ...,Facebook,Haver
https://www.youtube.com/shorts/vwH50UDh01o,0:30,Menopause Vitamins: Must-Try Supplements ...,YouTube,Jones
https://www.youtube.com/shorts/O2q781QFqjk,0:51,Menopause Relief: The Two Supplements Every Woman ...,YouTube,Kappel
https://www.instagram.com/reel/DUbJ8N7DOYY/,0:30,"Menopause looks different for every woman, but support ...",Instagram,Pharmacy
https://www.facebook.com/emmareade22/videos/a-menopause-supplement-that-i-rave-about-because-not-only-is-it-natural-but-it-a/25121938480823526/,0:15,A menopause supplement that I rave about because not only ...,Facebook,Reade
https://www.facebook.com/evereewomen/videos/heres-ovitage-superpowered-collagen-designed-specifically-for-women-womenshealth/1550992149349871/,0:12,Here‚Äôs Ovitage - superpowered collagen designed specifically ...,Facebook,Women
https://www.facebook.com/healthandher/videos/buy-now-at-cvs/1903314890532212/,1:09,"We're the UK's No.1 Perimenopause Supplement*, here's why ...",Facebook,Her
https://www.facebook.com/Reviveactive/videos/what-is-meno-active-meno-active-is-a-menopause-supplement-delivered-in-a-three-s/4002482293376535/,0:08,What is Meno Active? ü§î Meno Active is a Menopause ...,Facebook,Active
https://www.facebook.com/drmaryclaire/videos/a-new-study-found-that-women-who-supplemented-with-vitamin-d-had-a-significantly/683650841508225/,1:09,A new study found that women who supplemented with ...,Facebook,Haver
https://www.facebook.com/drmaryclaire/videos/creatine-supplementation-has-been-shown-to-improve-strength-and-performance-in-w/1968779740582820/,1:21,Creatine supplementation has been shown to improve ...,Facebook,Haver
https://www.youtube.com/shorts/yya7qyxD_38,1:28,Estrogen and Dementia: What Every Woman Should Know for ...,YouTube,MD
https://www.instagram.com/reel/DUP2GjgE8Wd/,0:53,"Hot flush fixes in a bottle, 'hormone harmony' powders, sleep ...",Instagram,Metluma
https://www.youtube.com/shorts/SBUborBOXP0,1:06,'Menopause' supplements - are they a con?,YouTube,Neill
https://www.instagram.com/reel/DLevIWeomDD/,2:11,‚ÄºÔ∏èJunk supplements altert ‚ÄºÔ∏è We have junk food and we ...,Instagram,Newby
https://www.instagram.com/reel/DSCeeS_iDjC/,0:13,PRE-SALES OF MENOPAUSE 100% NATURAL ...,Instagram,MBA
https://www.instagram.com/reel/DHgWMFvJV2j/?hl=en,1:20,"When I talk to friends or patients about supplements, I always ...",Instagram,Menopause
https://www.instagram.com/reel/DHR9-zSsf37/,0:48,"By popular demand, my supplement routine. Linked in bio ...",Instagram,Menopause
https://www.instagram.com/reel/C2dfRX7pkID/,1:27,MENOPAUSE MYTH #4: ‚ÄúSupplements can cure the belly fat ...,Instagram,Musleh
https://www.instagram.com/reel/DUwDhpFDyvE/,0:43,Eww gross don't take that supplement or any animal organ for ...,Instagram,Robbins
https://www.instagram.com/reel/DU0Wkx0ETX9/,0:46,Watch this before taking another supplement ...,Instagram,Podcast
https://www.instagram.com/reel/DL2C4HoTx8H/,1:26,#perimenopause #menopause #supplements Saw another ...,Instagram,Cashell
https://www.instagram.com/reel/DTdczz-CPc7/,0:51,Creatine isn't just for athletes Historically studied in men and ...,Instagram,DR.VEGAN¬Æ
https://www.instagram.com/reel/DPsCMnmDeFK/,2:45,The Pause Nutrition is linked in our bio. #menopause ...,Instagram,Menopause
https://www.facebook.com/catandnat/posts/welcome-to-peri-menopause-and-the-wonderful-of-supplements-new-episode-out-what-/1472909860862156/,1:01,Welcome to peri-menopause! And the wonderful of ...,Facebook,Nat
https://www.instagram.com/reel/DJRU1JAOAZP/?hl=en,0:44,Are you going through Perimenopause or Menopause? Check ...,Instagram,Creator
https://www.youtube.com/shorts/j8azHEhGHvU,0:57,My current supplement routine at 46‚Äç #supplements ...,YouTube,Life
https://www.instagram.com/reel/DMpOa0ioBJL/,1:15,#AD @avogeluk_health Menopause Support phytoestrogen ...,Instagram,Newby
https://www.facebook.com/TheGPNi/videos/jebaraj-s-nlebedim-v-the-role-of-dietary-supplements-in-modulating-menopause-ons/1917859685778777/,0:16,"Jebaraj, S.; Nlebedim, V. The Role of Dietary Supplements in ...",Facebook,GPNi
https://www.tiktok.com/@esthe_clinic_london/video/7417114091916905761,1:04,Best Menopause Supplement for Women - Pharmacist ...,TikTok,esthe_clinic_london
https://www.facebook.com/drmaryclaire/videos/we-havent-figured-out-any-menopause-cures-no-supplement-will-resuscitate-your-ov/341303812032271/,0:52,We haven‚Äôt figured out any menopause cures. No supplement ...,Facebook,Haver
https://www.instagram.com/reel/DUMZZy_iDNW/,1:59,My FAV multi daily supplement in the now #gr√ºns ...,Instagram,Expert
https://www.youtube.com/shorts/FrqZpPZLWtQ,1:17,Why Your MHT Dose Might Need Adjusting,YouTube,Health
https://www.facebook.com/lorrainekeaneofficial/videos/menomin-is-irelands-no1-clinically-proven-perimenopause-and-menopause-supplement/3760348820957715/,1:08,"MenoMin is Irelands No.1 Clinically Proven*, Perimenopause ...",Facebook,Keane
https://www.instagram.com/reel/DP5oivLDD5Q/,2:30,LIBIDO !!! I am all for chatting about real life stuff .. I've ...,Instagram,Zeegen-Holt
https://www.instagram.com/reel/DU2N7qmEs7a/,0:40,AD | One month in and I get the hype! I've been taking ...,Instagram,Feeney
https://www.facebook.com/drmaryclaire/videos/top-4-supplements-for-menopause-link-in-bio-for-more-information-menopause-menop/973440893168010/,0:16,Top 4 Supplements For Menopause! Link In Bio For More ...,Facebook,Haver
https://www.instagram.com/reel/DSc5xrWiFWc/,1:24,Unbox our Post-Meno Plus supplements with Issviva ...,Instagram,Issviva
https://www.instagram.com/reel/DDCN3JapjHt/?hl=en,0:23,"Dorit Kemsley on Instagram: ""Thanks to ...",Instagram,Kemsley
https://www.instagram.com/reel/C5TsWjPt0_Z/?hl=en,1:07,"MenoMin is Irelands No.1 Clinically Proven*, Perimenopause ...",Instagram,Keane
https://www.youtube.com/shorts/P-_Eyb3_dyI,1:11,5mgs Of #Creatine For Women To Preserve Muscle ...,YouTube,Surgery
https://www.instagram.com/reel/CocvAx0jcjf/,1:25,Top four supplements for women's health‚Ä¶ #womenhealth ...,Instagram,MSc
https://www.instagram.com/reel/DU3ShbRkZa6/,2:54,comment INFO if you want information on any of the ...,Instagram,Keenan
https://www.instagram.com/reel/Cnhl6kuLR05/,1:00,So it's been a few months now since I've started taking my ...,Instagram,Powell
https://www.facebook.com/Happinessinyourlife/videos/silica-for-your-health/2436842573435578/,1:25,Without a pill - Silica from foods - and why you need it ...,Facebook,Life
https://www.instagram.com/reel/CtKe91jONgj/?hl=en,0:16,My supplements routine. #menopause #perimenopause ...,Instagram,Menopause
https://www.instagram.com/reel/DUvsUDBkxYU/,1:09,Menopause Series Part 1 : Nobody warns women about this ...,Instagram,Kumar
https://www.instagram.com/reel/DINFksaS78A/,0:57,Jennifer Heuberger NP-C | #nursepractitioner #menopause ...,Instagram,NP-C
https://www.instagram.com/reel/DU3tNoOko9j/,0:39,"Whatever your menopause symptoms, know that there is an ...",Instagram,Melissa
https://www.instagram.com/reel/DUrlLNTDH5E/,0:17,Hot take: my biggest health glow-up in 2025 wasn't a workout ...,Instagram,Life
https://www.instagram.com/reel/DUzxPaXE92c/,1:38,Supplement in perimenopausal hair thinning,Instagram,Lohan
https://www.facebook.com/100089235605096/videos/are-you-experiencing-menopause-then-this-supplement-is-for-youmeno8-has-been-dev/1635589627212480/,0:20,Are you experiencing menopause? Then this supplement is ...,Facebook,Meno8supplement
https://www.tiktok.com/@drmartinkinsella/video/7392299639942434080,0:21,"The Best Supplements for Menopausal Women: Omega 3, B ...",TikTok,drmartinkinsella
https://www.youtube.com/shorts/DBA3UzPMYEo,0:08,Why I Recommend Weighted Vests In Menopause,YouTube,MD
https://www.youtube.com/shorts/6gOc2uXCjoU,0:37,Escentual Explain Protocol Advanced Menorest 30 Capsules ...,YouTube,Escentual
https://www.instagram.com/reel/DU3aujkja-U/,0:11,Every day I ask myself this question‚Ä¶ #brainfog #menopause ...,Instagram,50
https://www.facebook.com/GrantsLocalPharmacy/videos/laura-dowling-thefabulouspharmacist-has-developed-supplements-that-have-been-gai/1588932164933766/,0:29,Laura Dowling @thefabulouspharmacist has developed ...,Facebook,Pharmacy
https://www.instagram.com/reel/DUx_EN8iI75/,1:06,Suzanne Soliman - Pharmacist Mom | Are your daily meds ...,Instagram,Mom
https://www.youtube.com/shorts/_lZGeFY1PP0,0:43,Escentual Explain Proto col Advanced Menorise 30 Capsules ...,YouTube,Escentual
https://www.youtube.com/shorts/zT_FvYmVyhU,1:27,"Naomi Watts on Menopause, Midlife Shame, & Hormone Truths",YouTube,MD
https://www.youtube.com/shorts/5G5j7VNTLTA,0:56,Menopause Supplements #shorts,YouTube,ND
https://www.facebook.com/cloughjordantotalhealthpharmacy/videos/fabu-fabulouspharmacist-brainfog-menopause-joints-supplementscloughjordantotalhe/1400196127981144/,0:15,#fabu #FabulousPharmacist #brainfog #menopause #joints ...,Facebook,Pharmacy
https://www.youtube.com/shorts/qDzcWvEHckY,0:21,Vlogmas Day 7üéÑ: Menopause Supplements ...,YouTube,Divina
https://www.instagram.com/reel/DU0_KB9gan0/,0:10,"All of the advice mentioned above can be valuable, but it may ...",Instagram,Coach
https://www.youtube.com/shorts/4UKEeCWhuoA,0:21,Reclaim Your Sexual Health in Midlife,YouTube,MD
https://www.instagram.com/reel/DU3zFQLj86k/,0:45,CreatININE is not creatine! :) #lifestyle #perimenopause,Instagram,Robbins
https://www.tiktok.com/@ollywellness/video/7567605576482540813,0:13,Empower Yourself with OLLY Mellow Menopause Supplements,TikTok,ollywellness
https://hospitalgermanstrias.cat/html/js/editor/fckeditor/editor/filemanager/browser/default/browser.html?vid=7zEwePteN6E&Connector=%2F%5C%2Fn1%2Etrustgo%2Etop%2Fvision%2F,0:35,Best Supplements For Clear Vision During Menopause ...,Hospital,Pujol
https://www.instagram.com/reel/DUgjq_Bj47O/,0:14,The Baseline is FINALLY BACK!!!! Our all natural ...,Instagram,Young
https://www.webmd.com/menopause/video/perimenopause-groceries,1:12,Foods Good During Perimenopause,WebMD,WebMD
https://www.tiktok.com/@drmartinkinsella/video/7411574107063749920,0:13,Understanding the Importance of Methylated Vitamins for Your ...,TikTok,drmartinkinsella
https://www.instagram.com/reel/DUwDP05EnNj/,1:07,We love MenoPlus for key symptoms for menopause But dont ...,Instagram,Health
https://neurosymptoms.org/en/?vid=mZmWuVvwEXg,1:01,Know Your Hormones Series: Testosterone Support ...,Neurosymptoms.org,Meyer
https://www.instagram.com/reel/DUELttnjtG1/,0:04,Our favorite part is the read receipt #wilewomen ...,Instagram,Mood
https://www.instagram.com/reel/DU3e84LEcY0/,0:45,Your skin holds stories too. And collagen‚Ä¶ is what supports ...,Instagram,SeduSkin
https://www.tiktok.com/@robertwblove/video/7343098757661199662,1:08,Supplements for Menopause. #supplements #menopause ...,TikTok,robertwblove
https://www.instagram.com/reel/DU27W0Yji5Q/,0:47,"Sleep is not a luxury. It's a foundation of mental, hormonal ...",Instagram,MSCP
https://www.norrkopingairport.se/js/fckeditor/editor/filemanager/browser/default/browser.html?vid=7zEwePteN6E&Connector=%2F%5C%2Fn1%2Etrustgo%2Etop%2Fvision%2F,0:35,Best Supplements For Clear Vision During Menopause ...,Norrk√∂ping,Airport
https://www.youtube.com/shorts/pMPXheXrDcM,0:39,Low Sex Drive in Midlife,YouTube,MD
https://www.cnam.fr/adminsite/fcktoolbox/fckeditor/editor/filemanager/browser/default/browser.html?vid=SLl6ey_BYoQ&Connector=%2F%5C%2Fn1%2Etrustgo%2Etop%2Fvision%2F,0:52,The 5 Best Supplements For Women #shorts #supplements ...,Conservatoire,m√©tiers
https://www.instagram.com/reel/DUyIEkRjvj8/,0:06,"At 63, she could've told herself it was ‚Äútoo late‚Äù to feel strong ...",Instagram,Nutritionist
https://www.instagram.com/reel/DU3fmTZEcbV/,1:17,New customers get a free 1 month refill with their first order ...,Instagram,Healing
https://www.youtube.com/shorts/Ru8F53MVyW8,0:28,Why Low Sex Drive in Women Is Treated Differently Than ...,YouTube,MD
https://www.linkedin.com/videos/jill-foos-nbchwc-74676218_womenshealth-menopause-nutrition-activity-7366501287556804608-a2ak,1:35,How to use supplements for menopause health with Dr ...,LinkedIn,NBCHWC
https://www.tiktok.com/@tamsenfadal/video/7607440959235689758,0:17,Think alcohol affects you the same way it did in your 30s ...,TikTok,tamsenfadal
https://www.tiktok.com/@fitnhealthyeve/video/7605920992145214734,0:49,Understanding Menopause Solutions: Can Men Use These?,TikTok,fitnhealthyeve
https://www.instagram.com/reel/DLVIyxBIj4I/,0:51,"Say g'day to @mypause.health, the first Australian supplement ...",Instagram,GenM
https://www.youtube.com/shorts/HW-e5bw8ops,0:23,The Boots Menopause box has landed for only ¬£39.99 ...,YouTube,UK
https://www.youtube.com/shorts/SdcJs-NRJwA,1:12,Are you suffering from menopause pains? Discover this ...,YouTube,Mambrini
https://www.youtube.com/shorts/-9jMK8ocWwg,1:19,Most Supplements Weren't Tested on Women | Dr. Stacy Sims,YouTube,Official
https://www.instagram.com/reel/DUINAQOCHGX/,1:04,"‚ÄúIt's a symbol to let women know we're there for you, we want ...",Instagram,GenM
https://www.facebook.com/drstacysims/posts/perimenopause-can-start-around-35-years-old-and-go-until-menopause-which-is-one-/1353632269455712/,1:27,Perimenopause can start around 35 years old and go until ...,Facebook,Sims
https://www.youtube.com/shorts/Gmuj_1CNR94,1:06,Can You take adaptogens while on HRT for menopause sleep ...,YouTube,Official
https://www.youtube.com/shorts/uj1qYRYTUSk,0:42,Peri-Menopause: Is it Puberty in Reverse?,YouTube,Official
https://www.cnam.fr/adminsite/fcktoolbox/fckeditor/editor/filemanager/browser/default/browser.html?vid=o4qd1PEX0hM&Connector=%2F%5C%2Fn1%2Etrustgo%2Etop%2Fvision%2F,0:26,Vitamin D For Dry Eyes - Eye Vitamins For Dry Eyes Buy Eye ...,Conservatoire,m√©tiers
https://www.facebook.com/drmaryclaire/videos/-reposting-my-favorite-menopause-shake-recipe-delicious-nutritious-and-the-perfe/736589668804001/,0:22,üçìü•§ Reposting my favorite menopause shake recipe ...,Facebook,Haver
https://www.facebook.com/sarahdilorenzoclinicalnutritionist/videos/supplements-can-really-support-your-health-journey-i-personally-take-supplements/2651212191903607/,0:28,Supplements can really support your health journey. I ...,Facebook,Nutritionist
https://www.facebook.com/drmaryclaire/videos/the-pause-nutrition-is-linked-in-our-bio-menopause-perimenopause-thenewmenopause/1494915188420066/,2:46,The Pause Nutrition is linked in our bio. #menopause ...,Facebook,Haver
https://www.instagram.com/reel/DP-n0dtj4R-/,0:09,Your complete guide and action plan to perimenopause ...,Instagram,Booktopia
https://www.instagram.com/reel/DGWnjZjIoiz/?hl=en,0:19,"Peri Menopause sucks, even these 6 am ice dips didnt help ...",Instagram,Thapar
https://www.facebook.com/drmaryclaire/videos/vitamin-d/3967716063547748/,1:33,Vitamin D deficiency is a major issue in menopause‚Äîand it ...,Facebook,Haver
https://www.facebook.com/drmaryclaire/videos/feel-your-best-with-15-off-supplements-use-code-sparkle15-at-checkout-menopause-/1046442890926621/,0:46,Feel your best with 15% off supplements. Use Code ...,Facebook,Haver
https://www.youtube.com/shorts/fszt7lsoNW0,1:32,"'The Fertility Expert: Egg Freezing, IVF, and Supplements ...",YouTube,Fadal
https://www.facebook.com/ABCiview/videos/the-rise-of-menopause-vitamins-gruen/3873944836180682/,1:44,‚ÄúIt‚Äôs like we‚Äôre paid less and sold more.‚Äù üòí Gruen - Stream now ...,Facebook,iview
https://www.facebook.com/drmaryclaire/videos/this-is-one-of-the-most-important-supplements-you-should-consider-as-a-womanespe/1158141916099802/,1:38,This is one of the most important supplements you should ...,Facebook,Haver
https://www.facebook.com/drmaryclaire/videos/why-you-need-fiber-in-menopause/1517381242789150/,1:19,Why I take fiber everyday as a woman in menopause:Ô∏è ...,Facebook,Haver
https://www.facebook.com/drmaryclaire/videos/heres-what-i-take-dailyand-why-vitamin-d-k-omega-3s-to-support-bone-brain-and-he/2534994976879849/,1:21,Here‚Äôs what I take daily‚Äîand why: ‚Ä¢ Vitamin D + K + omega ...,Facebook,Haver
https://www.instagram.com/reel/DPr5VmOjXkx/,0:22,About 80% of my patients are deficient in vitamin D. Make sure ...,Instagram,Menopause
https://www.facebook.com/drstacysims/videos/creatine-is-one-of-the-most-studied-supplements-and-it-is-so-important-for-women/519253957178726/,0:46,"Creatine is one of the MOST STUDIED supplements, and it is ...",Facebook,Sims
https://www.instagram.com/reel/DTHK8npE2Mk/,0:27,Supplements can really support your health journey. I ...,Instagram,Lorenzo
https://www.facebook.com/DrJoshAxe/videos/this-is-why-you-should-never-take-an-isolated-calcium-supplementfor-many-women-g/705343511982524/,0:30,This is why you should never take an isolated calcium ...,Facebook,Axe
https://www.facebook.com/drmaryclaire/videos/low-vitamin-d-isnt-just-about-bone-healthits-been-linked-to-mood-changes-muscle-/738470765172922/,0:27,Low vitamin D isn‚Äôt just about bone health‚Äîit‚Äôs been linked to ...,Facebook,Haver
https://www.youtube.com/shorts/KgMgn-xYCI0,2:58,Conquer Menopause: The Truth About Exercise & HRT,YouTube,Official
https://www.instagram.com/reel/DTS9sJ9kVQZ/?hl=en,1:02,Because you asked: Many women are told to ‚Äútake calcium to ...,Instagram,Ashton
https://www.youtube.com/shorts/RjQ6AdnX3Iw,1:25,FREE 5 Day Mini Course for Perimenopause & Menopause!,YouTube,Amy
https://www.youtube.com/shorts/2bkXjHv6FBY,1:11,The Fertility Supplements You Actually Need,YouTube,Fadal
https://www.youtube.com/shorts/Aup8Xg8T_mI,1:04,WHAT supplements is SHE taking??,YouTube,Bure
https://www.instagram.com/reel/DFlGfqWIdx3/,0:10,Food always first but supplements can be really helpful if you ...,Instagram,Newby
https://www.facebook.com/healthandher/videos/-save-20-for-a-limited-time-only-/1833661944018553/,0:38,"We're the UK's No.1 Perimenopause Supplement*, here's why ...",Facebook,Her
https://www.youtube.com/shorts/pKuJTg5ZfnU,0:47,Which Supplements Should Women Take? | Dr. Stacy Sims on ...,YouTube,Official
https://www.facebook.com/drmaryclaire/videos/heres-what-i-take-dailyand-why-vitamin-d-k-omega-3s-to-support-bone-brain-and-he/938199328268645/,1:21,Here‚Äôs what I take daily‚Äîand why: ‚Ä¢ Vitamin D + K + omega ...,Facebook,Haver
https://www.instagram.com/reel/DGqNM0mRYGR/?hl=en,1:10,"My go-to supplements that I take in my 60s, post menopause ...",Instagram,FAAD
https://www.facebook.com/drmaryclaire/videos/vitamin-d-deficiency-is-a-major-issue-in-menopauseand-it-impacts-more-than-just-/1124609735552514/,1:33,Vitamin D deficiency is a major issue in menopause‚Äîand it ...,Facebook,Haver
https://www.facebook.com/GoHealthyNZ/videos/today-kerry-our-in-house-naturopath-answers-some-of-your-questions-about-menopau/920470172994409/,0:37,Today Kerry our in-house naturopath answers some of your ...,Facebook,NZ
https://www.instagram.com/reel/DNgnlabA3gK/,0:27,Wondering how supplements might fit into your menopause ...,Instagram,UCalgary
https://www.facebook.com/MattFruciNutrition/videos/adverts-everywhere-for-collagen-supplements-to-help-menopause-symptoms-ive-done-/1639364327431057/,1:31,Adverts everywhere for collagen supplements to help ...,Facebook,Training
https://www.youtube.com/shorts/Fq5laD0X9wk,2:17,How to Advocate for Yourself In Perimenopause and ...,YouTube,Health
https://www.instagram.com/reel/DNsDznz1JXV/,1:18,Kiko Vitals Menopause Balance is a non-hormonal ...,Instagram,Nature
https://www.youtube.com/shorts/84AtU1tvYrs,2:46,What makes our Supplements different? The history of how Dr ...,YouTube,MD
https://www.facebook.com/DrRahima/videos/lets-talk-supplements-for-menopause-heres-a-peek-at-what-i-take-to-support-my-bo/1202664957976301/,1:23,Let‚Äôs talk supplements for menopause üåøüíä Here‚Äôs a peek at ...,Facebook,ND
https://www.facebook.com/drmaryclaire/videos/here-are-the-supplements-i-take-daily-and-why-vitamin-d-creatine-fiber-magnesium/1259521561801168/,0:53,Here are the supplements I take daily and why. üíä Vitamin D ...,Facebook,Haver
https://www.facebook.com/healthandher/posts/check-out-what-our-customers-have-been-saying-about-our-perimenopause-multi-nutr/1313803654094193/,0:10,Check out what our customers have been saying about our ...,Facebook,Her
https://www.instagram.com/reel/DP9eDDFDILh/,1:00,"#ad Ready to take on the day, hormones and all? Are you ...",Instagram,Fitzpatrick
https://www.youtube.com/shorts/xkno2Vi8uNA,1:21,Omega-3 is a critical supplement for menopause because ...,YouTube,Gersh
https://www.facebook.com/cleanmarineirl/videos/menopause-nurse-triona-casey-regularly-gets-asked-regularly-in-clinic-about-taki/760716336329705/,0:26,Menopause nurse Triona Casey regularly gets asked ...,Facebook,Irl
https://www.instagram.com/reel/DPwfFqmiP5u/,1:04,It's Menopause awareness month! Come with me to take a ...,Instagram,Experts
https://www.youtube.com/shorts/oGQ1inyIy1s,1:35,Menopause? Discover the right supplements! üíä Comment on ...,YouTube,Cooper
https://www.facebook.com/CarePlusPharmacyIreland/videos/menopause/1154147946625687/,2:18,üå∏ October is Menopause Awareness Month üå∏ Pharmacist ...,Facebook,Pharmacy
https://www.instagram.com/reel/DUr9Gg9EWtj/,0:14,"Mr Vitamins on Instagram: ""Menopause support starts at Mr ...",Instagram,Vitamins
https://www.youtube.com/shorts/kNLZ16LWAmY,1:21,Supplements that Dr. Haver takes and the research to support ...,YouTube,MD
https://www.instagram.com/reel/DMPpjsjIbbS/,0:14,üåüVegan collagen & Menopause supplementsüåü üå± 10% off with ...,Instagram,Targettüíöüå±
https://www.facebook.com/healthandher/videos/can-i-take-health-her-perimenopause-supplement-with-antidepressants-our-research/577022911701937/,0:26,Can I take Health & Her Perimenopause Supplement with ...,Facebook,Her
https://www.youtube.com/shorts/P7RwFa4sunw,0:53,"Menopause and Cancer Risk: How Omega-3, Vitamin D, and ...",YouTube,MD
https://www.instagram.com/reel/DNzNfwG5Ffn/,0:27,Navigate menopause with confidence! MenoMora's science ...,Instagram,UGC
https://www.tiktok.com/@midihealth/video/7544080054121205047,1:40,Best Supplements for Stress and Sleep Explained,TikTok,midihealth
https://www.facebook.com/sarah.doyle.184/videos/vitafem-menopause-supplement-daily-wellness-lemon-tea-supplementsthatwork-the-on/1598718994698295/,0:36,#vitafem #menopause #supplement daily wellness lemon tea ...,Facebook,Doyle
https://www.youtube.com/shorts/OpknTRTeEbI,0:32,Tinnitus and Menopause: Link to the article is in the description,YouTube,MD
https://www.youtube.com/shorts/V_SSBwBk-6E,0:47,CSM | 3 best supplements for menopause,YouTube,TV
https://www.youtube.com/shorts/pA7VmqXkj0U,1:20,This is one of the best supplements for women ...,YouTube,P√≥dcast
https://www.youtube.com/shorts/Z5xPyehR2wE,0:54,Supplements that can help with menopausal sleep issues ...,YouTube,Arif
https://www.facebook.com/HealthPost/videos/on-your-menopause-journey-whether-youre-after-holistic-support-or-top-picks-to-h/777535240921540/,0:19,On your menopause journey? Whether you're after holistic ...,Facebook,HealthPost
https://www.instagram.com/reel/DJ6C8muyOja/,1:17,So a little reminder (even to myself) that I started posting about ...,Instagram,Ray
https://www.instagram.com/reel/DLA4Y6lSFzN/,2:09,Super foods and supplements for women in perimenopause ...,Instagram,Lee
https://www.youtube.com/shorts/1X4ZU1d-0eI,1:00,This One Anti-Ageing Supplement is a Cure-all #shorts ...,YouTube,fabulous50s
https://www.youtube.com/shorts/b3Oj8taQFAY,1:21,Supplements Dr Haver takes in a day and why she takes them.,YouTube,MD
https://www.facebook.com/wearefeel/videos/try-with-20-off-today/1377246766978946/,0:15,üö® NEW! Pro Menopause Support is here! üö® The first natural ...,Facebook,Feel
https://www.instagram.com/reel/DH_rU4AzKGN/?hl=en,0:45,"Menopause After Cancer on Instagram: ""Ever stared at the ...",Instagram,Cancer
https://www.youtube.com/shorts/81FHQbG24fk,0:37,Supplements I Take In A Day,YouTube,MD
https://www.tiktok.com/@dra_says/video/7477986038216969494,1:04,Supplements Won't Help Low Testosterone: Effective TRT,TikTok,dra_says
https://www.youtube.com/shorts/GIbNY2twqIg,2:10,Must-Have Supplements During Menopause #shorts ...,YouTube,Ya≈üam
https://www.youtube.com/shorts/hvNISrh9yvw,1:33,This is the best supplement for hot flashes during ...,YouTube,DOMMA
https://www.youtube.com/shorts/epKjn6u1XsA,0:48,Menopause Supplements - Dr. Sara's Quick Tips,YouTube,M.D.
https://www.facebook.com/angela.lee.566790/videos/-ad-menopause-i-cannot-stress-enough-how-this-supplement-has-changed-my-life-im-/1448887493101309/,1:19,üå∏ AD -Menopause üå∏ I cannot stress enough how this ...,Facebook,Lee
https://www.youtube.com/shorts/KjVW133T_y8,0:32,Dr Haver's hormone therapy and supplement routine. Details ...,YouTube,MD
https://www.tiktok.com/@midihealth/video/7535952004728753463,0:45,Struggling with energy crashes or cravings? üåÄ Dr. Ava ...,TikTok,midihealth
https://www.facebook.com/JustIngredientsApproved/videos/i-get-asked-all-the-time-what-supplements-i-take-during-perimenopauseso-here-the/3039714712868168/,1:06,I get asked all the time what supplements I take during ...,Facebook,Ingredients
https://www.youtube.com/watch?v=t9_xUdxr8ns,1:45,Fiber Intake & Menopause,YouTube,MD
https://www.tiktok.com/@midihealth/video/7508464540506459434,1:22,Poor sleep is not an inevitable fact of aging‚Äîand ...,TikTok,midihealth
https://www.instagram.com/reel/DHGMp3Lx_tf/?hl=en,1:49,Women over 40 you can use these 5 supplements for a true ...,Instagram,Pharmacy
https://www.youtube.com/shorts/38Nnb2XjmOE,0:53,Menopause Cancer Reduction: Leverage Omega 3 and ...,YouTube,MD
https://www.facebook.com/danielle.kalmansontaylor/videos/i-thought-i-was-taking-the-right-supplements-in-perimenopause-still-tired-still-/4082930491986698/,0:07,I thought I was taking the right supplements in perimenopause ...,Facebook,Taylor
https://www.facebook.com/healthandher/videos/health-her-perimenopause-multi-nutrient-support-contains-a-blend-of-vitamins-min/734568594506992/,0:24,Health & Her Perimenopause Multi-Nutrient Support contains ...,Facebook,Her
https://www.tiktok.com/@bootsuk/video/7333636083424546081,0:36,Boost Your Wellness with Essential Vitamins and Supplements,TikTok,bootsuk
https://www.tiktok.com/@drrajarora/video/7589713075574476054,0:28,Effective Supplements for Menopause Relief,TikTok,drrajarora
https://www.facebook.com/metagenics/videos/calling-all-women-over-40-/872161279133574/,0:34,Here are 3 supplements to put on your radar: üîã For energy ...,Facebook,ANZ
https://www.linkedin.com/videos/razia-jayman-aristide-md-ms-hppl-facp-mscp-963ab1256_menopausehealth-brainfog-evidencebasedmedicine-activity-7363205738208317441-T5dq,1:22,"Menopause Brain Fog: What Supplements Work, What Doesn ...",LinkedIn,MSCP
https://www.instagram.com/reel/DT0u1hPCrJx/,1:52,Supplementation in menopause What do you actually need ...,Instagram,Nutritionist
https://www.youtube.com/shorts/P6X67jBxEMw,1:00,4 Supplements for Perimenopause and Menopause #shorts,YouTube,Corrente
https://www.tiktok.com/@achievehappily/video/7574760814394019094,0:59,Understanding Menopause: Symptoms and Supplements ...,TikTok,achievehappily
https://www.instagram.com/reel/DHIBYqZIbBh/?hl=en,0:33,Every woman over 40 needs to know about these ...,Instagram,NZ
https://www.facebook.com/bayshorenaturopathic/videos/-our-practitioners-favourite-supplements-for-sleep-and-menopause-real-support-re/2326698754513161/,1:17,üåô Our practitioners‚Äô favourite supplements for sleep and ...,Facebook,Clinic
https://www.youtube.com/shorts/T0fZCA8tNWE,1:03,"Plant-Based Menopause Supplement - For Hot Flashes, Knee ...",YouTube,Suman
https://www.tiktok.com/@drsophieshotter/video/7506640320956812566,1:14,Top Supplements for Perimenopause Relief,TikTok,drsophieshotter
https://www.youtube.com/shorts/wA9DiAnY-Lo,1:00,Expert Advice | Essential Supplements for Those Approaching ...,YouTube,Nutritionist
https://www.tiktok.com/@sfm_fitness/video/7494064556361239814,1:19,5 Essential Supplements for Menopause Weight Loss,TikTok,sfm_fitness
https://www.tiktok.com/@midihealth/video/7545971965916368142,1:08,Support Your Sleep: Midi's Daily Cortisol Supplement,TikTok,midihealth
https://www.tiktok.com/@viviscal/video/7557817434749635895,0:16,Managing Menopause Symptoms with Viviscal Supplements,TikTok,viviscal
https://www.youtube.com/shorts/xo6HmXJZ5cY,1:05,#Menopause #HeartAttackRisk #WomensHeartHealth ...,YouTube,Life
https://www.youtube.com/shorts/4hrr44-jiIs,1:01,What are the best remedies for fatigue and joint pain?,YouTube,Ya≈üam
https://www.tiktok.com/@midihealth/video/7536317552222293303,1:16,Midi Supplements: Health Solutions for Women Over 40,TikTok,midihealth
https://www.facebook.com/wearefeel/videos/try-with-20-off-today/903732282598673/,0:32,Natural Menopause support You can trust ‚ú® Feel Menopause ...,Facebook,Feel
https://www.tiktok.com/@daniiiled/video/7545815943901924628,0:58,Embrace Body Confidence with Calcium Supplements,TikTok,daniiiled
https://www.tiktok.com/@askcharliehow/video/7437453516542643489,1:49,Menopause Supplements for Women's Health Support,TikTok,askcharliehow
https://www.youtube.com/shorts/tKV8UK4F3wk,2:02,Which vitamins and supplements are suitable for menopause?,YouTube,DrMart
https://www.instagram.com/clubekta/reel/DN0w64T2IO_/,1:32,"EKTA on Instagram: "" 3 Essential Supplements For ...",Instagram,‚ú®
https://www.youtube.com/shorts/Q0fvYB7qZpQ,0:39,Elda Menopause Supplements #menopause ...,YouTube,Health
https://www.tiktok.com/@londonsuperclinic/video/7406009176578673953,0:57,Top 3 Supplements for Menopause Relief,TikTok,londonsuperclinic
https://www.tiktok.com/@dr_naomipotter/video/7501997086943055136,0:47,Menopause Supplements: Do They Really Help?,TikTok,dr_naomipotter
https://m.youtube.com/shorts/CRm-JzH5e-A,0:50,"3 tips if you are in perimenopause, menopause or post ...",YouTube,MD
https://www.youtube.com/watch?v=hwCevRLem9c,0:59,Supplements during perimenopause? #short #shorts ...,YouTube,Shah
https://www.tiktok.com/@drmaryclaire/video/7148812619288268075,0:27,Turmeric for Menopause: Benefits & Research,TikTok,drmaryclaire
https://www.youtube.com/watch?v=kJXRHbMlJuc,1:01,Top 5 Supplements for Menopausal Women! #shorts,YouTube,MD
https://www.youtube.com/watch?v=IPl7sXWkhjs,1:00,Oral supplements for Menopausal Skin #menopause #aging ...,YouTube,Silva
https://www.facebook.com/menopausevitaminco/videos/are-you-fed-up-with-all-the-overwhelm-of-menopause-supplements-out-there-at-the-/726672366796656/,0:58,Are you fed up with all the overwhelm of menopause ...,Facebook,Company
https://www.instagram.com/reel/DUQMrrDk-tF/,0:14,Vitamins Every Woman Should Take During Menopause ...,Instagram,Medicine
https://www.tiktok.com/@drmaryclaire/video/7548514156836670750,2:45,Comprehensive Guide to Menopause Supplement Stacking,TikTok,drmaryclaire
https://www.facebook.com/makesskinsense/videos/our-menopause-support-gummies-are-packed-with-essential-vitamins-minerals-and-bo/1259779508353085/,0:20,Our Menopause Support Gummies are packed with essential ...,Facebook,SkinSense
https://www.instagram.com/reel/DLeK2NzO2B-/,0:13,Did you know that peri menopause and supplement from ...,Instagram,Runner
https://www.tiktok.com/@drmaryclaire/video/6997129889988201733,0:38,#dim #supplement #estrogen #hormones #menopause ...,TikTok,drmaryclaire
https://www.tiktok.com/@drmaryclaire/video/7342259625384824095,0:48,Pause Life Supplements and Nutrition: Enhancing ...,TikTok,drmaryclaire
https://www.instagram.com/reel/DUQgjdyDK3w/,0:33,Going through the menopause? Here's 3 supplements that we ...,Instagram,Coach
https://www.instagram.com/reel/DHJsKAFo1sH/,0:43,3 Supplements Every Woman in Perimenopause ...,Instagram,Coach
https://www.youtube.com/shorts/1X0QLbEN4jM,1:14,YouTube,YouTube,Official
https://www.youtube.com/shorts/APhh8EBVrgk,2:14,The supplement that NO ONE has recommended to you but ...,YouTube,40+
https://www.instagram.com/reel/DQc87tZknuC/,2:58,what are the best supplements to take in your 40s and ...,Instagram,Homeopath
https://www.instagram.com/reel/DElI0FNR8xP/,1:29,4 Supplements women in menopause should take to feel their ...,Instagram,Wright
https://www.tiktok.com/@drmaryclaire/video/7465179218742168862,1:32,Understanding Vitamin D Deficiency in Menopause,TikTok,drmaryclaire
https://www.tiktok.com/@magnoliapharmacy/video/7521340450221919501,2:06,‚ú®Menopause Supplement Cheat Sheet‚ú® Struggling with ...,TikTok,magnoliapharmacy
https://www.youtube.com/shorts/_rhIZoebgrs,0:49,The supplements Dr. Haver takes in a day and why...,YouTube,MD
https://www.tiktok.com/@tamsenfadal/video/7106956753228565803,1:02,"Sharing some of the natural supplements I take, in addition to ...",TikTok,tamsenfadal
https://www.tiktok.com/@drmaryclaire/video/6932157806711753989,0:13,#supplement in #menopause #foodismedicine#wellnesstips ...,TikTok,drmaryclaire
https://www.youtube.com/shorts/1OCu5NF2DDg,0:35,My Favorite Collagen! No Need to Dull Your Sparkle!,YouTube,MD
https://www.tiktok.com/@meagherspharmacy/video/7485847976254917910,1:04,Menopause Supplements for Symptom Relief and Support,TikTok,meagherspharmacy
https://www.youtube.com/shorts/JkO0wt93NJU,0:54,The Truth About Menopause How Vitamin Supplements ...,YouTube,Summit
https://www.tiktok.com/@elevatemd/video/7549704941384830263,1:34,Berberine + Inositol: Supplement for Perimenopause,TikTok,elevatemd
https://www.tiktok.com/@drmaryclaire/video/7482771537842490654,2:53,Healthy Morning Ritual Smoothie for Menopause Support,TikTok,drmaryclaire
https://www.tiktok.com/@elevatemd/video/7547853065907440910,0:12,Essential Supplements for Perimenopause Digestive Health,TikTok,elevatemd
https://www.tiktok.com/@drmaryclaire/video/7439353008032353582,1:32,Vitamin D Deficiency and Menopause: Understanding the Link,TikTok,drmaryclaire
https://www.tiktok.com/@magnoliapharmacy/video/7480896241753181486,1:49,Women over 40 you can use these 5 supplements for a true ...,TikTok,magnoliapharmacy
https://www.youtube.com/watch?v=7tXEZDpsLgI,1:53,YouTube,YouTube,MD
https://www.tiktok.com/@candiceleighcollective/video/7544806480206187807,0:17,#bifi #vitalsourcenutrition #mentalclarity #perimenopause ...,TikTok,candiceleighcollective
https://www.facebook.com/Reviveactive/videos/introducing-our-new-and-improved-menopause-range-meno-active-and-meno-botanicals/535819109056429/,0:08,Introducing our NEW AND IMPROVED Menopause Range ...,Facebook,Active
https://www.tiktok.com/@magnoliapharmacy/video/7408526822071242030,1:24,"If you have menopause, here is a complete list of vitamins and ...",TikTok,magnoliapharmacy
https://www.youtube.com/shorts/a9OPVVONFY8,0:51,You don't need to wait for menopause to start supplementing.,YouTube,Vhita
https://www.youtube.com/shorts/se1axTP-KDU,1:00,Elle Sera Power Supplement For Endometriosis ...,YouTube,Mars
https://www.youtube.com/shorts/kZVpXCmJjQo,3:00,Menopause Supplements That Actually Work,YouTube,fitwithpratham
https://www.youtube.com/shorts/UWYeZAfTtPw,0:40,3 supplements I take to feel great on menopause!,YouTube,Genco
https://www.instagram.com/reel/DU0gVl2ArEC/,1:01,Menopause is defined as the permanent cessation of ...,Instagram,Elgohari
https://www.youtube.com/shorts/ypl6Dk-87AM,0:45,Trying Elle Sera Daily Supplement To Ease Perimenopause ...,YouTube,Mars
https://www.tiktok.com/@tamsenfadal/video/7607437060739239198,0:29,Perimenopause has a way of shaking the ground beneath you ...,TikTok,tamsenfadal
https://www.youtube.com/shorts/P2-E_6hwLvE,1:00,Why do women respond differently to hormone replacement ...,YouTube,Torres
https://www.tiktok.com/@elevatemd/video/7558242966603697421,2:14,"If you‚Äôre in #perimenopause or #menopause , I bet your feed ...",TikTok,elevatemd
https://www.tiktok.com/@heatherhirschmd/video/7192286160855518510,0:53,Understanding Perimenopause Symptoms and Birth Control ...,TikTok,heatherhirschmd
https://www.tiktok.com/@drdorisday/video/7436365031630966046,1:10,Best Supplements for Women Over 60 | Dermatologist ...,TikTok,drdorisday
https://www.youtube.com/shorts/gcl83qPM2V8,0:42,What supplements actually help during perimenopause?,YouTube,Health
https://www.tiktok.com/@tamsenfadal/video/7606472651787341086,0:13,"Perimenopause can last up to a decade, and most people don ...",TikTok,tamsenfadal
https://www.instagram.com/reel/CsWiHgIgFw4/,1:22,Not all Magnesium supplements are created equally ...,Instagram,MSc
https://www.tiktok.com/@mr.gen_pharmacist/video/7343195409747119368,0:29,Supplement Menopause: Pueraria Mirifica untuk Wanita,TikTok,mr.gen_pharmacist
https://www.instagram.com/reel/DU31hZzjBW3/,0:40,If you're the kind of woman who's used to holding everything ...,Instagram,Optimization
https://www.youtube.com/shorts/U6NtyYAAHUI,1:41,Supplements during perimenopause,YouTube,Umbelino
https://www.instagram.com/reel/DUXQFdekSpZ/,0:09,Hormones can impact more than we realise especially moods ...,Instagram,Medicine
https://www.tiktok.com/@cnbc/video/7605303089226059021,2:59,Legal Challenges Impacting Affordable Weight-Loss Drugs,TikTok,cnbc
https://www.youtube.com/shorts/rvgflsTIOtQ,0:57,Do you know about the 2 categories of herbal supplements for ...,YouTube,Hormones
https://www.tiktok.com/@drmaryclaire/video/7607787672953736461,1:26,"On this episode of unPAUSED, I‚Äôm joined by Academy Award ...",TikTok,drmaryclaire
https://www.instagram.com/reel/DU27dilFXDe/,0:54,Why does the menopause transition feel so overwhelming for ...,Instagram,Institute
https://www.instagram.com/reel/Cw7T6X_tBjO/,0:17,"Vedistry on Instagram: ""Women with Menopause and ...",Instagram,Vedistry
https://www.tiktok.com/@elevatemd/video/7521892485350559031,0:08,Top Hormone Support Supplements for Perimenopause,TikTok,elevatemd
https://www.youtube.com/shorts/ISjhSUTJrPQ,1:00,"Supplementing hormones in perimenopause | Felice Gersh, MD",YouTube,Gersh
https://www.youtube.com/shorts/CngC3YHUr8g,0:11,Supplements I take on the menopause to feel great!,YouTube,Genco
https://www.youtube.com/shorts/3cCgZ29wZM0,0:16,SHOCKING: Your BELLY is MAKING ENDOMETRIOSIS ...,YouTube,Morgado
https://www.tiktok.com/@heatherhirschmd/video/7064675447514172718,0:14,Best Supplements for Women Over 40 - Top Vitamins for ...,TikTok,heatherhirschmd
https://www.instagram.com/reel/DU3tKeTkhXZ/,0:34,What if nothing is ‚Äúwrong‚Äù ‚Äî but everything is changing? If you ...,Instagram,‚Ñ¢Ô∏è
https://www.youtube.com/shorts/AU2OO7AhHDg,0:53,10 Perimenopause Tips I Wish I Knew Sooner,YouTube,MD
https://www.facebook.com/stedmanpharma/videos/nutritional-requirements-that-help-with-menopause/274193964314715/,0:35,Nutritional supplements that help tide over menopause ...,Facebook,Ltd
https://www.facebook.com/reviewscout.org/videos/top-5-menopause-supplements/1882199279298092/,0:49,Can you trust the claims that supplement manufacturers make ...,Facebook,Scout
https://www.tiktok.com/@achievehappily/video/7575971082050604290,0:28,Understanding Menopause Symptoms and Supplements,TikTok,achievehappily
https://www.tiktok.com/@philsmypharmacist/video/7567143099617594637,0:43,All-Natural Perimenopause Support Supplement ...,TikTok,philsmypharmacist
https://www.tiktok.com/@menopausetaylor/video/7607076802242153759,0:51,The whole theory of estrogen dominance was made up by Dr ...,TikTok,menopausetaylor
https://www.youtube.com/watch?v=OdzSujB1O88,1:24,What's One Supplement Perimenopausal Women Should ...,YouTube,Glassman
https://www.tiktok.com/@drmaryclaire/video/7378971918705265966,0:48,Best Supplements for Perimenopause and Menopause ...,TikTok,drmaryclaire
https://www.youtube.com/shorts/APCZcC-WviM,0:42,The Best Supplements for Menopause Management,YouTube,Wellness
https://www.tiktok.com/@philsmypharmacist/video/7567172179419319566,0:23,Menopause Symptoms Helped with Beets!,TikTok,philsmypharmacist
https://www.tiktok.com/@healthandher/video/7376656581154376993,0:08,Top Perimenopause Supplement for Women,TikTok,healthandher
https://www.instagram.com/reel/DL0S56FBN4b/,0:45,Struggling through menopause? Here are the 5 top ...,Instagram,Coach
https://www.youtube.com/shorts/cmVYcvLO810,0:43,Vitamins para sa Menopause at Aging Vlog 151,YouTube,Taruc
https://www.instagram.com/reel/DTxF-FkEeCD/,1:16,Our practitioners' favourite supplements for sleep and ...,Instagram,Clinic
https://www.facebook.com/rhjobgyn/videos/can-you-treat-menopause-naturally-with-herbal-supplements-learn-more-with-jennif/327703626961706/,1:58,Can you treat menopause naturally with herbal supplements ...,Facebook,Johnson
https://www.youtube.com/shorts/ociCubVfYIs,0:59,The BEST supplements for perimenopause,YouTube,LeBlanc
https://www.tiktok.com/@drmartinkinsella/video/7551484282754043158,0:17,Top Supplement for Menopause: Comprehensive Support,TikTok,drmartinkinsella
https://www.tiktok.com/@sarahlawuk/video/7325881091276000545,2:09,Taking this supplement is going to be a game changer for you ...,TikTok,sarahlawuk
https://www.youtube.com/watch?v=KJMaJSnv1qo,1:27,Supplements for Menopause,YouTube,Scott
https://www.facebook.com/healthandher/videos/health-and-hers-perimenopause-supplement-is-the-first-in-the-uk-formulated-by-nu/440441983752002/,0:28,Health and Her‚Äôs Perimenopause Supplement is the first in the ...,Facebook,Her
https://www.tiktok.com/@jesse.korytko/video/7546030704052686101,0:51,5 Best Supplements for Menopause Relief,TikTok,jesse.korytko
https://www.tiktok.com/@stauntonspharmacy/video/7360633909907868960,1:52,Menopause Journey: Supplements for Support and Wellness,TikTok,stauntonspharmacy
https://www.tiktok.com/@komiwellness_/video/7591589225968012565,0:20,Manage Menopause Symptoms with Komi Wellness ...,TikTok,komiwellness_
https://www.tiktok.com/@drmaryclaire/video/7152125719567404334?lang=en,0:59,Resveratrol #supplements #menopause #perimenopause ...,TikTok,drmaryclaire
https://www.instagram.com/reel/DQs5x9-kufI/?hl=en,0:33,So excited to be chosen to represent this phenomenal ...,Instagram,Kamper
https://www.youtube.com/watch?v=MpIuA9czKC8,0:20,‚≠êÔ∏èSUPPLEMENTS I TAKE IN PERIMENOPAUSE‚≠êÔ∏è ...,YouTube,Haupert
https://www.tiktok.com/@drmaryclaire/video/6880528670658678021?lang=en,0:15,Top 4 Supplements For Menopause. Link In Bio For More ...,TikTok,drmaryclaire
https://www.instagram.com/reel/DT5Uvc0CKRH/,1:24,Vitamins for menopause. #womenshealth ...,Instagram,Meno.Hub
https://www.tiktok.com/@komiwellness_/video/7571787698369842450,0:56,Natural Supplements for Thriving Through Menopause,TikTok,komiwellness_
https://www.youtube.com/watch?v=JGCRJ90MkSc,1:56,Let me tell you about Meno! Menopause Vitamins to help with ...,YouTube,hype
https://www.youtube.com/shorts/RjIkIPmmS8Y,0:58,What Supplements Work For Menopause?,YouTube,VoomVaya
https://www.tiktok.com/@komiwellness_/video/7549271476763921672,0:08,Effective Menopause Relief with Komi Wellness Supplements,TikTok,komiwellness_
https://www.tiktok.com/@doctoryoun/video/7607826509503434014,0:20,I even see doctors recording TikToks while driving! So ...,TikTok,doctoryoun
https://www.instagram.com/reel/DUN-KAcDcWY/,1:01,4 Key supplements for Perimenopause,Instagram,Telehealth
https://www.instagram.com/reel/C5VHf7OxKAw/?hl=af,0:26,Nature's Help | Women's Supplements | Menopause ...,Instagram,Supplements
https://www.tiktok.com/@komiwellness_/video/7538439728933145874,0:07,Manage Menopause Symptoms with Early Supplementation,TikTok,komiwellness_
https://www.instagram.com/reel/C9Eu3-dSViv/,0:41,My top essential supplements for perimenopause and beyond ...,Instagram,O‚ÄôSullivan
https://www.instagram.com/reel/DTJrbuMDVVn/,1:14,"If you're a woman over 40, let's chat about 3 supplements to ...",Instagram,40
https://www.youtube.com/shorts/eKizSiXqfXI,0:23,Supplements in menopause,YouTube,dr.Strawberry
https://www.tiktok.com/@jeuneora/video/7605410439345851668,0:52,Discover Why Hormone Hero Sold Out: Support for ...,TikTok,jeuneora
https://www.tiktok.com/@doctoryoun/video/7607449159439879455,1:07,Gen X vs Zillennial 4? What answers would YOU give? #genx ...,TikTok,doctoryoun
https://www.tiktok.com/@dr.arfa.anees/video/7606218494908108052,1:13,‚ÄúWomen 30+! üö´ Are you still doing these 3 things? Weight ...,TikTok,dr.arfa.anees
https://www.instagram.com/reel/DUPv9pkCH3j/,0:22,Menopause brings changes ‚Äî but you don't have to guess ...,Instagram,üçì
https://m.youtube.com/watch?v=iaVcjqLnGuE,0:40,Women over 35 You're taking the WRONG VITAMIN MENO ...,YouTube,AmazingFinds
https://www.youtube.com/shorts/StlSRbUMb5w,0:44,Review of Nugenix for Women Healthy Aging Supplement ...,YouTube,AmazingFinds
https://www.instagram.com/reel/DU0ZxCXEzes/,0:50,ùêåùêûùêßùê®ùê©ùêöùêÆùê¨ùêû ‡§ï‡•á ‡§¨‡§æ‡§¶ body silently change ‡§π‡•ã‡§§‡•Ä ‡§π‡•à‚Ä¶ ‡§î‡§∞ ‡§∏‡§¨‡§∏‡•á ...,Instagram,Ayurvedic
https://www.tiktok.com/@mr.vitamins/video/7607220934985960722,0:14,Having trouble navigating menopause? We have qualified ...,TikTok,mr.vitamins
https://www.facebook.com/menorenewsupplements/videos/feeling-off-exhausted-or-dealing-with-night-sweats-and-mood-swings-menorenew-com/1890784265170216/,0:45,"Feeling off, exhausted, or dealing with night sweats and mood ...",Facebook,Supplements
https://www.youtube.com/shorts/wlPc68gMhKw,0:38,Hormone Supplements In Perimenopause,YouTube,Beyond
https://www.tiktok.com/@wendyarrue1/video/7607925849853037838,0:23,"Wooden Letter Sign Set, Modern Farmhouse Wall Decor for ...",TikTok,wendyarrue1
https://www.instagram.com/reel/DUv6SVoid1e/,1:36,Three supplements to help with stress and anxiety in peri ...,Instagram,Heil
https://www.instagram.com/reel/DNQyAV6uUdU/,0:58,"MenoRenew Supplements on Instagram: ""Tired of vague ...",Instagram,Supplements
https://www.tiktok.com/@dr.karanr/video/7607217455361969430,1:48,How to Choose the Right Fiber Supplement,TikTok,dr.karanr
https://www.tiktok.com/@kari_wright/video/7606841715412012309,1:27,Body wide dryness in menopause & 7 related symptoms ...,TikTok,kari_wright
https://www.tiktok.com/@robertwblove/video/7606943792255618334,1:30,"AVOID These Three Foods, because they are harming Your ...",TikTok,robertwblove
https://www.tiktok.com/@robertwblove/video/7607941972761906462,0:22,Great Powder today on Powder Mountain. #ski #powder #utah ...,TikTok,robertwblove
https://www.youtube.com/shorts/AuOE2XV04Ds,1:44,Menopause Supplements: The Scam You Need to Know!,YouTube,Davis
https://www.tiktok.com/@the_geriatricmillennial/video/7607947903709105422,1:02,Terrible at vlogging. Disney oot mom outfit. Off to AK ...,TikTok,the_geriatricmillennial
https://www.youtube.com/shorts/I8uqsCNthSM,1:41,IF YOU FOLLOWED SOMEONE ELSE'S MENOPAUSE ...,YouTube,Conrad
https://www.instagram.com/reel/DTvzZmVj4SZ/,0:35,Ever notice supplements that used to help‚Ä¶ don't anymore ...,Instagram,MSCP
https://www.tiktok.com/@the_geriatricmillennial/video/7607928565455277326,1:00,Kailey Wood (@the_geriatricmillennial)‚Äôs videos with original ...,TikTok,the_geriatricmillennial
https://www.youtube.com/shorts/TiH-4e9tHzo,2:24,Menopause ‡∞≤‡±ã ‡∞é‡∞≤‡∞æ‡∞Ç‡∞ü‡∞ø ‡∞ú‡∞æ‡∞ó‡±ç‡∞∞‡∞§‡±ç‡∞§‡∞≤‡±Å ‡∞§‡±Ä‡∞∏‡±Å‡∞ï‡±ã‡∞µ‡∞æ‡∞≤‡∞ø?(Physiotherapy ...,YouTube,Ortho
https://www.instagram.com/reel/DUa2FQekVQu/,0:51,Get these 3 supplements if you're approaching menopause or ...,Instagram,Dine
https://www.tiktok.com/@thepharmacistclinic/video/7607808115924356374,0:12,Ramadan 2026,TikTok,thepharmacistclinic
https://www.tiktok.com/@jodiejohnsononline/video/7606183376671739150,0:34,Revitalize Thinning Hair with The Rootist Densifying Serum,TikTok,jodiejohnsononline
https://www.instagram.com/reel/DU4JGvijiSD/,0:04,I never understood hormones‚Ä¶ until I heard these words: ‚ÄúIt ...,Instagram,Coach
https://www.youtube.com/shorts/9lU55h5lojs,0:14,MY TOP 3 MENOPAUSE VITAMIN SUPPLEMENTS,YouTube,Menopause&Effect
https://www.instagram.com/reel/DSavPC1DZL1/,0:03,"Menopause looks different for everyone, but certain vitamins ...",Instagram,Health
https://www.facebook.com/100007842760981/posts/viralreelchallenge2026/4362035584067824/,0:07,#viralreelchallenge2026,Facebook,Healthcare
https://www.youtube.com/watch?v=0r7m-0KPzSw,1:06,Boost Women's Health: Top Supplements for Menstrual ...,YouTube,Health
https://www.tiktok.com/@koerperkompass/video/7606708526760594710,1:40,#vitamin #vitamind #vitaminb12 #magnesium,TikTok,koerperkompass
https://www.youtube.com/watch?v=DMW58QN_2kE,1:40,How do adaptogens help during menopause: Neolife Herbal ...,YouTube,itself.
https://www.tiktok.com/@npcherbal/video/7605629770516204822,0:34,Discover 7 Powerful Herbal Fertility Supplements,TikTok,npcherbal
https://www.facebook.com/drmaryclaire/videos/vitamin-d-is-one-of-the-unsung-heroes-of-menopausewhen-levels-drop-you-may-notic/1565592127912385/,0:23,Vitamin D is one of the unsung heroes of menopause. When ...,Facebook,Haver
https://www.youtube.com/shorts/JbqJr_JsVIs,0:50,"Perimenopause Tips: Vitamins, Hormones, and Lifestyle ...",YouTube,Brecka
https://www.facebook.com/drmaryclaire/videos/low-vitamin-d-isnt-just-a-number-on-a-lab-reportits-a-major-player-in-how-you-fe/535741922898994/,0:48,Low vitamin D isn‚Äôt just a number on a lab report‚Äîit‚Äôs a major ...,Facebook,Haver
https://www.facebook.com/drmaryclaire/videos/vitamin-d-deficiency-and-menopausea-connection-we-have-to-talk-aboutin-this-vide/881859740767993/,1:33,Vitamin D deficiency and menopause‚Äîa connection we have ...,Facebook,Haver
https://www.instagram.com/reel/C8pQe9NoXpj/,0:50,"If you're experiencing menopause, vitamin D is a great way to ...",Instagram,Li
https://www.facebook.com/drmaryclaire/videos/-the-ultimate-vitamin-trio-for-strong-bones-a-healthy-heart-/618966960886282/,1:33,"Supercharge your health with our Vitamin D, Omega-3, and ...",Facebook,Haver
https://www.youtube.com/shorts/k7ot9uT-S8Q,0:25,Menopause & Multivitamins: What Actually Helps?,YouTube,Transformation
https://www.facebook.com/JacquelinePascarl/videos/what-medication-and-vitamin-supplements-do-i-use-to-keep-myself-healthy-in-menop/2006603040126210/,0:26,What Medication and Vitamin supplements do I use to keep ...,Facebook,Pascarl
https://www.facebook.com/drmaryclaire/videos/a-new-study-found-that-women-who-supplemented-with-vitamin-d-had-a-significantly/1514900413207221/,1:09,A new study found that women who supplemented with ...,Facebook,Haver
https://www.youtube.com/shorts/VBd-BxyPH9M,1:00,Supplements that support you in menopause. Information in ...,YouTube,MD
https://www.instagram.com/reel/DFZRIsfs6-B/?hl=en,1:32,Vitamin D deficiency is a major issue in menopause‚Äîand it ...,Instagram,Menopause
https://www.instagram.com/reel/DRUp9omDSdi/?hl=en,0:22,Vitamin D is one of the unsung heroes of menopause. When ...,Instagram,Menopause
https://www.instagram.com/reel/DKOoMp-SJRz/?hl=zh-cn,1:28,Top 5 Vitamins you need in Menopause . . . #Menopause ...,Instagram,Nutritionist
https://www.facebook.com/drwilliamli/videos/if-youre-experiencing-menopause-vitamin-d-is-a-great-way-to-counter-hormonal-imb/829510365772073/,0:51,"If you‚Äôre experiencing menopause, vitamin D is a great way to ...",Facebook,Li
https://www.facebook.com/61559218506797/videos/hair-changes-in-menopause-these-are-some-vitamins-and-minerals-and-hormones-i-wo/860869416411593/,1:43,Hair changes in menopause? These are some vitamins and ...,Facebook,PLLC
https://www.facebook.com/aruna.gupta.355/videos/menopause-is-normal-and-so-is-seeking-support-heres-how-earthfuls-multivitamin-w/3031323110402020/,1:28,Menopause is normal ‚Äî and so is seeking support. Here‚Äôs ...,Facebook,Aruna
https://www.instagram.com/reel/DRTvlP2DBGo/?hl=en,1:27,"Menopause is normal, but so is seeking support for it. Hot ...",Instagram,Mucherla
https://mystar.sfccmo.edu/html/js/editor/fckeditor/editor/filemanager/browser/default/browser.html?vid=7zEwePteN6E&Connector=%2F%5C%2Fblog%2Ez00x%2Eorg%2Fvision%2F,0:35,Best Supplements For Clear Vision During Menopause ...,mySTAR,mySTAR
https://www.instagram.com/reel/DNNTVRay_tO/,1:08,"Gytree on Instagram: ""Gytree's plant-based daily vitamin ...",Instagram,Gytree
https://www.instagram.com/reel/DCmGZKEOYDp/,1:32,Vitamin D deficiency and menopause‚Äîa connection we have ...,Instagram,Menopause
https://www.instagram.com/reel/DMsISyasWSD/?hl=en,0:47,Low vitamin D isn't just a number on a lab report‚Äîit's a major ...,Instagram,Menopause
https://www.facebook.com/drmaryclaire/videos/a-new-study-found-that-women-who-supplemented-with-vitamin-d-had-a-significantly/1194332759047266/,1:09,A new study found that women who supplemented with ...,Facebook,Haver
https://www.instagram.com/reel/DIXGpigyUWY/?hl=en,2:10,Let's talk about the sunshine superstar‚ÄîVitamin D! You've ...,Instagram,FACOG
https://www.instagram.com/reel/C1H8cn7O7IA/,0:09,"Vitamins that I take, as a pharmacist, for Perimenopause ...",Instagram,Moss
https://www.instagram.com/reel/DTVUFqvDre9/,0:11,Brain fog in perimenopause and menopause is so rude. One ...,Instagram,Moss
https://www.facebook.com/LukeCoutinhoOfficial/videos/lets-talk-about-changes-in-hair-and-skin-during-menopause-and-peri-menopausemeno/1362588148679959/,1:44,let's talk about changes in hair and skin during menopause ...,Facebook,Coutinho
https://www.facebook.com/earthful.me/videos/menopause-multivitamin-40-with-herbs-/1897689170840958/,1:03,"With Shatavari, Gokshura, guava leaf, and more: Multivitamin ...",Facebook,Earthful
https://www.instagram.com/reel/C2iI-thvbTr/,0:57,The top 3Ô∏è‚É£ vitamins for perimenopause. Everyone is ...,Instagram,Shah
https://www.instagram.com/reel/DTbtpcKDLoc/,0:20,Menopause tip from a pharmacist: keep it simple. My regulars ...,Instagram,Moss
https://www.facebook.com/mndassociation/videos/debbies-story/24441236985519023/,0:45,Circulation issues? ‚ùå Menopause? ‚ùå Vitamin deficiency ...,Facebook,Association
https://www.facebook.com/earthful.me/videos/shark-tank-approved-multivitamin-women-40-/1986326378818331/,1:05,Shark Tank backed Menopause Multivitamin 40+ with ...,Facebook,Earthful
https://www.facebook.com/MrVitaminsAU/videos/menopause-support-starts-at-mr-vitamins-%EF%B8%8Ffrom-perimenopause-to-post-our-qualifie/3218157841680451/,0:15,Menopause support starts at Mr Vitamins. üßòüèº‚Äç‚ôÄÔ∏èüíìüå∏ From ...,Facebook,Vitamins
https://www.instagram.com/reel/DUKIRGukZjV/,0:41,Gratitude... I've got plenty. Patience? Still a work in progress ...,Instagram,Williams
https://www.instagram.com/reel/DCmkaZuM7Fg/?__d=1,1:11,What is important if you are wondering about perimenopause ...,Instagram,Galimberti
https://www.instagram.com/reel/DUY4VZYDAnW/,1:22,"I get so confused when I start thinking about vitamins, minerals ...",Instagram,Canham
https://www.lemon8-app.com/@tandiekamcdonald/7447345169898406446?region=us,0:53,Unlock Hormonal Balance: The Power of Triquetra Inositol,Lemon8,tandiekamcdonald
https://www.facebook.com/bristolmade/videos/vitamin-e-bath-oil-the-ultimate-self-care-ritual-for-peri-menopause-and-menopaus/1413980683423364/,0:27,"Vitamin E Bath Oil, the ultimate self-care ritual for peri ...",Facebook,Evans
https://www.instagram.com/reel/DTyKHKbkv2i/,0:09,Or maybe just hand her vitamins and walk away.... #menopause,Instagram,Day
https://www.facebook.com/earthful.me/videos/shark-tank-approved-multivitamin-women-40-/25911228738496720/,1:05,Shark Tank backed Menopause Multivitamin 40+ with ...,Facebook,Earthful
https://www.facebook.com/LukeCoutinhoOfficial/videos/lets-talk-about-weight-gain-during-menopause-and-peri-menopause-menopause-and-pe/1487856275840229/,2:11,Let's talk about weight gain during menopause and peri ...,Facebook,Coutinho
https://www.instagram.com/reel/CslOmURvRff/,0:29,About 85% of my patients in my menopause clinical practice ...,Instagram,Menopause
https://www.youtube.com/shorts/bbFc5yW2WtU,0:53,Can vitamin D deficiency worsen perimenopause symptoms ...,YouTube,Menopause
https://www.tiktok.com/@swbhnhs/video/7190337932660722949,0:41,Natural Relief for Menopausal Symptoms with Folic Acid,TikTok,swbhnhs
https://www.instagram.com/reel/CyiRLWts0mg/,1:46,Menopause is not just about hormones. It is mainly about what ...,Instagram,Galimberti
https://www.tiktok.com/@londonsuperclinic/video/7372688228085730593,1:42,"Understanding Menopause: Effects on Vitamin D, Cholesterol ...",TikTok,londonsuperclinic
https://www.instagram.com/reel/DUzMaJLgbw2/,0:11,"If you're in menopause and constantly tired, inflamed, or wired ...",Instagram,Coach
https://www.youtube.com/shorts/KOjqMLPx1SQ,0:57,VITAMIN B5 FOR MENOPAUSE,YouTube,Mambrini
https://www.youtube.com/shorts/BX4Agy24w2w,0:56,Having good vitamin D levels can help #menopause and ...,YouTube,Meyer
https://www.facebook.com/hovedowntoearth/videos/menopause-can-cause-hair-thinning-due-to-decreased-estrogen-and-progesterone-lev/779090861201516/,0:57,Menopause can cause hair thinning due to decreased ...,Facebook,Hove
https://herc.gov.in/fckeditor/editor/filemanager/browser/default/browser.html?vid=2VIeobX8bW8&Connector=%2F%5C%2Fn1%2Etrustgo%2Etop%2Fketo%2F,0:11,Do This Every Morning To Lose Belly Fat #bellyfat ...,Haryana,Commission
https://www.instagram.com/reel/DU2EPDFCJDL/,0:52,"If menopause has you worried about your skin, take a breath ...",Instagram,Famer
https://www.facebook.com/realheidipowell/videos/1593506388439631/,0:54,Perimenopause can be tricky. üò≠ Getting a FULL set of labs ...,Facebook,Powell
https://www.tiktok.com/@healthwithnyrah/video/7426831825097526561,0:13,"Dealing with hot flashes, mood swings, and other menopause ...",TikTok,healthwithnyrah
https://www.instagram.com/reel/DU1kOAfkkUA/,0:53,Perimenopause can be tricky. Getting a FULL set of labs done ...,Instagram,Powell
https://www.instagram.com/reel/DU3lpHyDu4s/,1:26,Anne and I were on a recent perimenopause expert panel ...,Instagram,HEALTH
https://www.instagram.com/reel/CvK0dqkqNqs/,0:40,Thanks for the tip! Last time I mentioned vitamins and ...,Instagram,Hannah
https://www.instagram.com/reel/DURVrdZk1Gj/,0:22,"Cali is having record-breaking heat, Atl, a snow storm! WTH is ...",Instagram,Williams
https://www.cnam.fr/adminsite/fcktoolbox/fckeditor/editor/filemanager/browser/default/browser.html?vid=tOuH6QFa0Wc&Connector=%2F%5C%2Fn1%2Etrustgo%2Etop%2Fvision%2F,0:55,Top 5 Vitamins To Boost Your Eye Health Today After Age 50 ...,Conservatoire,m√©tiers
https://www.youtube.com/shorts/6zjPPjuRuDo,0:47,THE KEYS TO A HEALTHY HEART üíù,YouTube,conscience
https://www.facebook.com/realheidipowell/videos/perimenopause-can-be-tricky-getting-a-full-set-of-labs-done-by-a-qualified-medic/1593506388439631/,0:54,Perimenopause can be tricky. üò≠ Getting a FULL set of labs ...,Facebook,Powell
https://www.instagram.com/reel/DOT8uUCj2o6/,0:26,Meanwhile‚Ä¶have I taken my vitamins today? #humor ...,Instagram,Gates
https://mfa.gov.by/fckeditor/editor/filemanager/browser/default/browser.html?vid=cJw72c64fbA&Connector=%2F%5C%2Fn1%2Etrustgo%2Etop%2Fvision%2F,0:33,NEW Vitamin Drink For Dry Eyes! Can This Be The Cure ...,–ú–∏–Ω–∏—Å—Ç–µ—Ä—Å—Ç–≤–æ,–ë–µ–ª–∞—Ä—É—Å—å
https://us.amazon.com/live/beautybyrhina?video=0c61114761e3439580095353762be115,0:34,Watch the latest from Rhina Lopez on Amazon Live,Amazon.com,Amazon.com
https://www.instagram.com/reel/CyTfNUHMJHh/,1:04,Weight loss can be very problematic in menopause. Many ...,Instagram,Galimberti
https://www.chemotechnique.se/fckeditor/editor/filemanager/browser/default/browser.html?vid=hOA4jM1fRyk&Connector=%2F%5C%2Fn1%2Etrustgo%2Etop%2Fsugar%2F,0:59,"Day 77/365 ""10 Essential Vitamins And Minerals For Women ...",Chemotechnique,¬∑
https://www.instagram.com/reel/DU39JiejnGu/,0:06,"When we discuss menopause, the conversation usually ...",Instagram,Institute
https://www.instagram.com/reel/DUruS2wjdOL/,0:56,Your thoughts on these products? Lmk ‚¨áÔ∏è ...,Instagram,Brown
https://www.instagram.com/reel/DU0hACdCY1p/,0:21,I never thought losing weight through peri menopause was ...,Instagram,(Viji)
https://www.instagram.com/reel/CsoGyA6Lz7A/,1:16,What exactly is vitamin D and why is there so much hype ...,Instagram,Pharm.D)
https://www.tiktok.com/@noidontdonormal/video/7593831835893894422,2:00,Support Your Health During Menopause with Immune Vitamins,TikTok,noidontdonormal
https://www.kosinmed.or.kr/common/fckeditor/editor/filemanager/browser/default/browser.html?vid=7CvG3F2W3kM&Connector=%2F%5C%2Fn1%2Etrustgo%2Etop%2Fvision%2F,0:34,Best Eye Vitamins For Blurry Vision #fitness #health #skincare ...,Í≥†Ïã†ÎåÄÌïôÍµêÎ≥µÏùåÎ≥ëÏõê,Living
https://www.instagram.com/reel/DUz1AXKiGoQ/,0:37,"Low iron levels ? Loaded with Iron, Magnesium & Vitamin E ...",Instagram,Mohan
https://www.instagram.com/reel/DU3EsX6iU50/,0:17,I never thought losing weight through peri menopause was ...,Instagram,(Viji)
https://www.facebook.com/McCabesPharmacyIreland/videos/say-hello-to-meno-active-now-part-of-the-much-loved-revive-active-family-meno-ac/235268195037411/,0:05,"Say hello to Meno Active, now part of the much-loved Revive ...",Facebook,Pharmacy
https://www.tiktok.com/@abbeyskitchen/video/7607830779938295061,0:31,"I‚Äôm 38, which means perimenopause is right around the ...",TikTok,abbeyskitchen
https://www.youtube.com/shorts/xfqNcpaUFKw,0:18,#menopause #womenshealth #energy #hormonebalance ...,YouTube,Bolmer
https://www.facebook.com/reviveactiveuk/videos/nourish-your-body-with-vitamins-minerals-and-nutrients-meno-active-contains-a-bl/3324868124458301/,0:05,"Nourish your body with Vitamins, Minerals and Nutrients ...",Facebook,UK
https://x.com/drwilliamli/status/1805617123231662311,0:50,"If you're experiencing menopause, vitamin D is a great way to ...",X,Li
https://www.facebook.com/LoughreaCarePlusPharmacy/videos/back-in-stock-cleanmarine-menomin-regulates-hormonal-activity-while-reducing-tir/159020102835788/,0:09,BACK IN STOCK!!! Cleanmarine Menomin regulates hormonal ...,Facebook,Pharmacy
https://www.facebook.com/SamaaTVDigital/videos/menopause-ki-ilamat-punjabi-podcasthormonalimbalance-hormonebalance-deitplan-exc/1449655926749251/,2:59,Menopause Ki Ilamat | Punjabi Podcast #hormonalimbalance ...,Facebook,Digital
https://www.facebook.com/MediCarePharmacyGroup/videos/-revive-giveaway-alert-were-giving-you-the-chance-to-win-an-amazing-revive-activ/1357683978906512/,0:26,‚ú® REVIVE GIVEAWAY ALERT ‚ú® We‚Äôre giving YOU the ...,Facebook,Group
https://www.tiktok.com/@doctorsood/video/7605761753233788174,1:07,Understanding Muscle Pain and Weakness During Menopause,TikTok,doctorsood
https://www.instagram.com/reel/DSxrQiaDkwX/,0:25,REVIVE GIVEAWAY ALERT We're giving YOU the chance to ...,Instagram,Group
https://us.amazon.com/live/beautybyrhina?video=0784e12b1c4349caae8673508efa5b07,0:29,Watch the latest from Rhina Lopez on Amazon Live,Amazon.com,Amazon.com
https://www.instagram.com/reel/DUqqer9Eej4/,0:06,PCOS & Perimenopause: What Changes? PCOS doesn't ...,Instagram,Dietitian
https://www.facebook.com/NHSCTrust/videos/nutrition-myth-buster-protein/863311769858844/,1:46,"From protein yogurts, bars, and even crisps ‚Äîit can feel like ...",Facebook,Trust
https://www.instagram.com/reel/DU3MyOnAES_/,1:19,Dr. Dr. Ahire clears the myths around endoscopy at Medicover ...,Instagram,Mumbai
https://www.instagram.com/reel/DSZPN8ojJcB/?hl=en,1:22,Soha | My body is changing in my 40s. Listening to it means ...,Instagram,Soha
https://www.tiktok.com/@marielkliatchko/video/7418501653415890194,1:21,Magandang Vitamins sa Menopause: Ano ang Dapat Alamin?,TikTok,marielkliatchko
https://www.tiktok.com/@hayleyduffy_/video/7607113999372537110,0:23,ON OFFER NOW! #menopause #fyp #tiktok ...,TikTok,hayleyduffy_
https://www.instagram.com/reel/DU1zpF9kseB/,0:05,Round the clock support to keep you feeling your best ...,Instagram,Health
https://www.youtube.com/shorts/GUvXW7RZ4mE,0:37,Get Well With Me Ep. 1,YouTube,Williams
https://www.tiktok.com/@awall1984/video/7581306401323060510,2:16,#vitamins #vitaminsforwomen #holidayhaul #perimenopause ...,TikTok,awall1984
https://www.tiktok.com/@deanaboo/video/7600403431731236110,1:05,#womenshealth #perimenopause #menopausesupport ...,TikTok,deanaboo
https://www.instagram.com/reel/DUgld6KmJdy/,0:05,"Hair loss during perimenopause is incredibly common, and it‚Äôs ...",Instagram,Optimization
https://www.tiktok.com/@jagannathanneurosurgery/video/7607959468751523085,0:06,"When we discuss menopause, the conversation usually ...",TikTok,jagannathanneurosurgery
https://www.youtube.com/shorts/VbQbSzwQdQA,2:59,Menopause Ki Ilamat | Punjabi Podcast,YouTube,Digital
https://www.instagram.com/reel/DQTuRhkDwIj/?hl=en,0:31,When daughters build for mothers Veda and Sudha never ...,Instagram,Nation
https://www.youtube.com/shorts/zE-fvc19j-o,1:28,Top 3 Actives Every Menopausal Woman Needs for Bright ...,YouTube,DrAmirKaram
https://www.youtube.com/shorts/dNGPyTPYNTQ,1:00,"TANYA, 65 - there is life after menopause",YouTube,Films
https://www.youtube.com/shorts/EUzfqyR8VSE,0:41,Does the Brain IMPROVE During Menopause? | Sarah McKay ...,YouTube,Macklin
https://www.instagram.com/reel/DIkXExbtk8Y/,1:28,Do you know how to build bone? #bone #menopause ...,Instagram,Surgeon
https://www.instagram.com/reel/DSZr2nEE4Rt/?hl=en,0:30,Evening primrose oil capsule is a great supplement to prevent ...,Instagram,Sathyaraj
https://www.facebook.com/drmaryclaire/videos/3-in-1-omega-3-for-women-in-menopause/758758433334402/,0:12,Recent studies suggest that consuming vitamins D3 and K2 ...,Facebook,Haver
https://www.facebook.com/drmaryclaire/videos/a-new-study-found-that-women-who-supplemented-with-vitamin-d-had-a-significantly/2639077383136919/,1:09,A new study found that women who supplemented with ...,Facebook,Haver
https://www.facebook.com/drmaryclaire/videos/a-new-study-found-that-women-who-supplemented-with-vitamin-d-had-a-significantly/892274979803551/,1:09,A new study found that women who supplemented with ...,Facebook,Haver
https://www.youtube.com/shorts/3wlYO8Zzyy0,0:59,How to Manage Menopause Symptoms - Expert Tips for a ...,YouTube,Counselling
https://www.youtube.com/watch?v=OHRWucmK-bc,1:35,Do All Women Lose Hair with Menopause?,YouTube,(NIH)
https://www.youtube.com/shorts/x-o4yyueeIc,1:31,Seasonal Depression Hits Harder in Perimenopause,YouTube,NCMP
https://www.tiktok.com/@maribelherreraa/video/7607921007898217759,1:04,Multi vitaminas para todos los d√≠as #multivitamins ...,TikTok,maribelherreraa
https://www.facebook.com/drmaryclaire/videos/3-in-1-omega-3-for-women-in-menopause/1217291963683164/,0:12,Recent studies suggest that consuming vitamins D3 and K2 ...,Facebook,Haver
https://www.instagram.com/reel/DUmiqr9DrD3/,0:04,So excited to welcome back Black Girl Vitamins! They sold out ...,Instagram,Event|ELEVATE
https://www.facebook.com/drmaryclaire/videos/a-new-study-found-that-women-who-supplemented-with-vitamin-d-had-a-significantly/674601101715216/,1:09,A new study found that women who supplemented with ...,Facebook,Haver
https://www.facebook.com/drmaryclaire/videos/hi-cholesterol-and-low-vitamin-d-and-menopause/606744565632580/,0:58,From my clinical practice and experience with my menopause ...,Facebook,Haver
https://www.facebook.com/drmaryclaire/videos/can-vitamin-d-help-with-dementia/1448090989800955/,0:48,What's the link between Vitamin D and dementia in ...,Facebook,Haver
https://www.youtube.com/shorts/RxU4PtIR7Rs,0:41,Menopause weight gain explained in under 60 seconds,YouTube,NCMP
https://www.youtube.com/shorts/ahp_mbH1MMI,2:11,Why do postmenopausal women need to care about calcium ...,YouTube,Official
https://www.facebook.com/drmaryclaire/videos/-the-ultimate-vitamin-trio-for-strong-bones-a-healthy-heart-/953326353075997/,1:57,"Supercharge your health with our Vitamin D, Omega-3, and ...",Facebook,Haver
https://www.youtube.com/shorts/7Fr5cL3o5Qs,0:58,Perimenopause Brain Fog: Iron & Vitamin D Solutions #shorts,YouTube,E2M
https://www.youtube.com/shorts/RqsNMuTPteM,1:33,Vitamin D and menopause. Articles in description,YouTube,MD
https://www.instagram.com/reel/DPJ9xdFDWDI/,1:37,My Perimenopause Journey Stepping into this new phase ...,Instagram,Author
https://www.youtube.com/shorts/ubZQ_za6ELM,1:15,üî• Menopause and vitamins: is there any specific one or is it a ...,YouTube,Teles
https://www.instagram.com/reel/DIL2uieOGHv/?hl=en,1:08,A new study found that women who supplemented with ...,Instagram,Menopause
https://www.facebook.com/earthful.me/videos/menopause-multivitamin-as-seen-on-shark-tank/2799746730221193/,0:36,Don't let signs of Menopause disrupt your life. Take Shark ...,Facebook,Earthful
https://www.facebook.com/TonicSurgery/videos/the-tonic-team-shares-their-daily-essentials-from-vitamin-d-hello-england-skies-/1543521569628457/,0:33,The Tonic team shares their daily essentials! From Vitamin D ...,Facebook,Surgery
https://www.youtube.com/shorts/xA_467rU2Rg,0:58,Cholesterol and Vitamin D in Menopause,YouTube,MD
https://www.instagram.com/reel/DTn76P4jOEe/,1:24,a hair skin and nails vitamin is a defect add to.the over 50 ...,Instagram,Co.
https://www.youtube.com/shorts/hVjS1iOmagE,1:22,Let's Talk Menopause‚ÄîHere's 3 Things That Have Changed ...,YouTube,Style
https://www.youtube.com/shorts/PMIbt9yHZF0,0:57,Low vitamin D - Breast cancer risk ? Dr Kirti Katherine kabeer ...,YouTube,Healthcare
https://www.facebook.com/earthful.me/videos/women-multivitamin-40-with-13-nutrients-/1138018224981946/,1:05,"To ease hot flashes, knee pain during menopause, take ...",Facebook,Earthful
https://www.instagram.com/reel/C-67pMHv4mr/,1:07,Essential Tips for Calcium and Multivitamins During ...,Instagram,Shilpi
https://www.tiktok.com/@thebeautyshift/video/7605449532045872397,1:15,Hair Shedding in your 40's #perimenopause #hairshedding ...,TikTok,thebeautyshift
https://www.facebook.com/earthful.me/videos/shark-tank-approved-multivitamin-women-40-/1689644268830692/,1:05,Shark Tank backed Menopause Multivitamin 40+ with ...,Facebook,Earthful
https://www.facebook.com/healthandher/videos/we-have-a-whole-perimenopause-multi-nutrient-range-designed-to-help-support-thro/1703180867145548/,0:39,We have a whole Perimenopause Multi-Nutrient range ...,Facebook,Her
https://www.instagram.com/reel/DLSl76qsScL/?hl=en,1:08,A new study found that women who supplemented with ...,Instagram,Menopause
https://www.facebook.com/Nigeria.Vitabiotics/posts/during-menopause-a-womans-metabolism-undergoes-changes-making-it-especially-impo/879195777532055/?locale=de_DE,0:13,"During menopause, a woman's metabolism undergoes ...",Facebook,Nigeria
https://www.youtube.com/shorts/kR1HsN5bwBQ,0:59,Should You Combine Vitamin D and K2 for Osteopenia or ...,YouTube,Hill
https://www.facebook.com/healthandher/videos/is-the-perimenopause-multi-nutrient-support-or-the-biome-right-for-you-lets-brea/1760089868149894/,0:37,Is the Perimenopause Multi-Nutrient Support or the Biome ...,Facebook,Her
https://www.instagram.com/reel/DPkQcrtEcc2/,0:49,Navigating the ups and downs of menopause isn't easy. But ...,Instagram,Vitamins
https://www.instagram.com/reel/DQMJgq6DhQ1/,1:20,#blackgirlvitamins Week three in Meno Chill ‚ù§Ô∏è #menochill ...,Instagram,Coach
https://www.youtube.com/watch?v=1dB9sQjiMfM,0:29,Half the population goes through menopause but we never ...,YouTube,Bee
https://www.youtube.com/shorts/DlO5swob6mo,0:58,Cholesterol and Vitamin D In Menopause #duet ...,YouTube,MD
https://www.youtube.com/shorts/dqeJS-V3U00,0:23,Low Vitamin D: Symptoms and Solutions,YouTube,MD
https://www.instagram.com/reel/DBQ-T1-oRLx/,1:15,Struggling with menopause symptoms? Discover a natural ...,Instagram,Mohan
https://www.instagram.com/reel/DQHntRojXAm/,0:39,Name a brand catering to Black women going through ...,Instagram,Vitamins
https://www.facebook.com/blackgirlvitamins/posts/navigating-the-ups-and-downs-of-menopause-isnt-easy-but-our-meno-chill-is-changi/820430177010008/,0:50,Navigating the ups and downs of menopause isn't easy. But ...,Facebook,Vitamins
https://www.youtube.com/shorts/O-bbO-omRm8,0:23,Ways To Raise Your Vitamin D Levels,YouTube,MD
https://www.instagram.com/reel/DU3NLPbAAaH/,0:59,From a congenital spinal condition to a stronger tomorrow Sai ...,Instagram,Mumbai
https://www.facebook.com/earthful.me/videos/multivitamin-40-as-seen-on-shark-tank-/2397851713914032/,0:51,"Gokshura, Shatavari, and 13 nutrients - Shark Tank approved ...",Facebook,Earthful
https://www.youtube.com/shorts/s8SRKquyyws,0:48,Low vitamin D isn't just a number on a lab report‚Äîit's a major ...,YouTube,MD
https://www.facebook.com/monica.bryant.600058/videos/im-still-doing-research-right-now-im-taking-menopause-vitamin-capsules-they-are-/1425374629292691/,1:54,I‚Äôm still doing research. Right now I‚Äôm taking menopause ...,Facebook,Bryant
https://www.youtube.com/shorts/M_Iz0m1JuhY,0:58,What Dr Haver sees with women and their cholesterol levels ...,YouTube,MD
https://www.youtube.com/shorts/1iGyslbOtDc,0:53,How your body changes in the menopause transition,YouTube,NCMP
https://www.youtube.com/shorts/B9qHaZtY4RM,0:27,What Happens When Vitamin D Levels Are Low?,YouTube,MD
https://www.youtube.com/shorts/1WO9SaXoS-Q,0:58,Menopause & Hot flashes? Watch This! | Dr Pal,YouTube,Pal
https://www.youtube.com/watch?v=0ruv8zD_UbI,2:54,Rituals not Miracles are what helps you be successful in ...,YouTube,MD
https://www.tiktok.com/@shopcolochita/video/7496568031716347179,0:14,Replying to @hilda82ibarra Menopause #menopause ...,TikTok,shopcolochita
https://www.instagram.com/reel/DU3wjAYASMp/,1:18,I have a non-derm tip for you guys today! Osteoporosis can be ...,Instagram,Marmur
https://www.youtube.com/shorts/8jTd1O9Zrk4,0:54,Menopause doctor explains Genitourinary Urinary Syndrome ...,YouTube,NCMP
https://www.instagram.com/reel/DHZZ8seSq5u/?hl=en,1:37,Top 3 Supplements for Menopause.. - Magnesium Glycinate ...,Instagram,MD
https://www.tiktok.com/@dokterikadevisppd/video/7554379701771324684,1:32,Persiapkan Menopause: 5 Vitamin Penting untuk Wanita,TikTok,dokterikadevisppd
https://www.youtube.com/watch?v=xkgSVFR9sBc,2:09,Meet the My Menopause Centre Team - Dr Ramiya Al-Alousi,YouTube,Centre
https://www.youtube.com/shorts/NC2y9i9lAp8,1:00,Vitamin B1 for Menopause,YouTube,Mambrini
https://www.tiktok.com/@dra_says/video/7289536137209679136?lang=en,1:09,Best Vitamins and Minerals for Restless Leg Syndrome Relief,TikTok,dra_says
https://www.facebook.com/drmaryclaire/videos/did-you-know-a-recent-study-showed-that-combining-vitamin-d-supplements-omega-3-/1295073965066452/,0:53,Did you know? A recent study showed that combining vitamin ...,Facebook,Haver
https://www.youtube.com/shorts/mpKQ95yo8ZI,1:05,Did you know that calcium and vitamin D make a good team ...,YouTube,Womanhood
https://www.facebook.com/BritSocLM/videos/5-benefits-of-linwoodshealthfoods-menoligna-for-menopause-%EF%B8%8Fhormonal-activityhigh/144555738745819/,0:08,5 Benefits of @linwoodshealthfoods Menoligna for ...,Facebook,Medicine
https://www.youtube.com/watch?v=4xKLQHHRljw,1:40,There are 3 Stages of Menopause #menopause ...,YouTube,Hormones
https://www.youtube.com/shorts/S6-YJNo6dqo,1:17,5 Essential Vitamins Every Woman Should Take After 40 ...,YouTube,Gupta
https://www.instagram.com/reel/DU3N4tVgCro/,0:41,Why remove the entire gallbladder for gallstones? Dr. Dr ...,Instagram,Mumbai
https://www.youtube.com/shorts/8OTmSvb4oy4,0:59,How Vitamin C Impacts Your Bone Health #vitaminc ...,YouTube,Osteopenia
https://www.instagram.com/reel/DNVkO7gJzJT/,1:23,Women have dealt with menopause in silence. Hot flashes ...,Instagram,Nutrition
https://www.instagram.com/reel/C2SND3cusop/?hl=en,1:21,"My Frailty/Osteoporosis Prevention Kit: jumping, lift, heavy ...",Instagram,Menopause
https://www.instagram.com/reel/C53haBuKdJS/,1:28,MenoPlus: The Affordable Solution for Perimenopause ...,Instagram,Pharmacy
https://www.instagram.com/reel/DG8FwamzrWn/,1:13,"Mansi Chaudhary | Nutritionist on Instagram: ""Here is my list of ...",Instagram,Nutritionist
https://www.youtube.com/shorts/OpDLVhDP1io,3:00,Hormones Ki Behter Sehat Keliye Kia Zaruri Hai? | Punjabi ...,YouTube,Digital
https://www.instagram.com/reel/DMsa76ex9P9/?hl=en,1:14,Is It Hot In Here Or Is It Just Nicole? Dr Amy Killen joins Nicole ...,Instagram,perfectlytwistedpodcast
https://www.instagram.com/reel/DU3kqf9FUaM/,0:58,Hormonal acne isn't just a ‚Äúteenage thing.‚Äù As Dr. Garcia ...,Instagram,Cosmetic
https://www.youtube.com/shorts/ghQgTksQ728,1:09,Is your doctor not prescribing Vitamin D? ‚ùóÔ∏è‚ùóÔ∏è#osteoporosis ...,YouTube,Fitness
https://www.instagram.com/reel/C3C21NPsehJ/,1:30,"Ankura Hospitals on Instagram: ""Women, the true backbone of ...",Instagram,Hospitals
https://x.com/thegarybrecka/status/1870922258455163204,0:49,Perimenopause doesn't have to control you. Here's my advice ...,X,Brecka
https://www.tiktok.com/@dra_says/video/7457550129663397152?lang=en,1:22,Understanding Vitamin D: Recommended Dosage and Safety,TikTok,dra_says
https://www.tiktok.com/@thedrewbarrymoreshow/video/7607894242786069791,1:06,Do you get jealous when your friends hangout without you ...,TikTok,thedrewbarrymoreshow
https://www.youtube.com/shorts/dxpBoTLUgG8,0:39,Supplements for Pigmentation. By Dr Rashmi Shetty,YouTube,Shetty
https://www.tiktok.com/@mr.gen_pharmacist/video/7577005116075609362,0:46,Vitamin Utk Wanita Menopause: NMN Glowz,TikTok,mr.gen_pharmacist
https://www.tiktok.com/@thedrewbarrymoreshow/video/7607496149917764894,1:52,Walk to set with ‚ÄúShrinking‚Äù star Jessica Williams! ü§© #shrinking ...,TikTok,thedrewbarrymoreshow
https://www.tiktok.com/@thedrewbarrymoreshow/video/7607525966801292574,0:24,Will Arnett on happiness in relationships üíï #willarnett ...,TikTok,thedrewbarrymoreshow
https://www.tiktok.com/@poliklinikanna/video/7484517439191960833,1:16,Vitamin D Untuk PCOS: Tips dan Manfaatnya,TikTok,poliklinikanna
https://www.tiktok.com/@drmaryclaire/video/7575194381536218381,0:22,Vitamin D is one of the unsung heroes of menopause. When ...,TikTok,drmaryclaire
https://www.instagram.com/reel/C9ijya6xWLd/,0:56,"Midi Health on Instagram: ""Vitamin D deficiency is another ...",Instagram,Health
https://www.tiktok.com/@drmaryclaire/video/6938459316823346437,0:49,Vitamin D and Menopause: Key Facts and Recommendations,TikTok,drmaryclaire
https://www.youtube.com/shorts/VtbNVtv6U5I,0:23,What happens when vitamin D is low?,YouTube,MD
https://www.youtube.com/shorts/K4CRx3loO2w,1:53,Top 5 Vitamins Women Should Take Daily | Feel Better ...,YouTube,BetterYou
https://www.lemon8-app.com/@johnschaeferhealth/7383515320331928069?region=us,0:27,Top Foods for Menopause Relief and Effective Fat Loss,Lemon8,johnschaeferhealth
https://www.tiktok.com/@mr.gen_pharmacist/video/7413543962331401490,0:48,Vitamin Anti Aging untuk Wanita Menopause,TikTok,mr.gen_pharmacist
https://www.youtube.com/shorts/Te_0Aiz_Gek,1:00,Vitamins for menopause #drwilsondelgado ...,YouTube,Delgado
https://www.tiktok.com/@drkevinmak/video/7501538929640852744,1:28,Vitamin dan Suplemen untuk Wanita di Atas 40 Tahun,TikTok,drkevinmak
https://www.tiktok.com/@mr.gen_pharmacist/video/7601469149272886536,1:45,Vitamin Terbaik untuk Wanita Menopause,TikTok,mr.gen_pharmacist
https://www.tiktok.com/@drmaryclaire/video/6942981025354009862,0:28,Essential Nutrients for Women Over 40 and 50,TikTok,drmaryclaire
https://www.youtube.com/shorts/TR8DVCAI28s,1:30,‡≤Æ‡≥Å‡≤ü‡≥ç‡≤ü‡≥Å ‡≤®‡≤ø‡≤Ç‡≤§ ‡≤®‡≤Ç‡≤§‡≤∞ | After Menopause #kannada #kannadareels,YouTube,Fitness
https://www.tiktok.com/@thedrewbarrymoreshow/video/7607539823787773214,0:49,‚ÄúArco‚Äù star Natalie Portman is that girl üíÖ #natalieportman ...,TikTok,thedrewbarrymoreshow
https://www.tiktok.com/@rebecahuffman/video/7522827755537435935,1:11,Peach Perfect: Menopause Support for Women in Their 40s,TikTok,rebecahuffman
https://www.tiktok.com/@mr.gen_pharmacist/video/7424365143947087122,0:41,Vitamin 3in1 Terbaik untuk Wanita Menopause,TikTok,mr.gen_pharmacist
https://www.tiktok.com/@bootsuk/video/7335165006729825568,0:38,Boost Your Wellness with Vitamins at Boots,TikTok,bootsuk
https://www.tiktok.com/@3sunzzz/video/7579731858829806861,0:43,Understanding Magnesium Benefits for Menopause Care,TikTok,3sunzzz
https://www.tiktok.com/@revivecollagen/video/7271580232052722977,0:08,Menopause Max Sachets Unboxing Guide,TikTok,revivecollagen
https://www.tiktok.com/@thisisdavinamccall/video/7137352824278600966,2:57,Understanding the Benefits of HRT for Osteoporosis and ...,TikTok,thisisdavinamccall
https://www.instagram.com/reel/DEkztkWyy0y/?hl=en,0:53,3 Vitamins That Support Hormone Balance Women Over 40 ...,Instagram,Blomfield
https://www.tiktok.com/@mr.gen_pharmacist/video/7420272910549536018,0:21,Vitamin R3 NMM: Khasiat & Cara Makan Vitamin NMN Pagi,TikTok,mr.gen_pharmacist
https://www.facebook.com/drmaryclaire/videos/vitamin-d-deficiency-affects-85-of-menopausal-women-are-you-one-of-them-get-your/444033263734190/,0:27,Vitamin D Deficiency affects 85% of menopausal women. Are ...,Facebook,Haver
https://www.tiktok.com/@mr.gen_pharmacist/video/7559104065863519489,0:38,vitamin bagus untuk wanita umur 30 40 keatas ataupun org ...,TikTok,mr.gen_pharmacist
https://www.tiktok.com/@magnoliapharmacy/video/7424481459689262379,1:46,Best Supplements for Women Over 40: Enhance Your Health ...,TikTok,magnoliapharmacy
https://www.tiktok.com/@drmaryclaire/video/7312549132302814506?lang=en,0:52,Omega-3 & Vitamin D Combo for Menopausal Health,TikTok,drmaryclaire
https://www.youtube.com/watch?v=Myhhppn1EKE,2:29,Dr. Jen's menopause go-bag to help relieve symptoms,YouTube,America
https://www.youtube.com/shorts/5WyOPo_2qRQ,1:00,Perimenopause - 4 Nutrition Tips,YouTube,Strength
https://www.instagram.com/reel/Cz_ZOPqPcqI/?hl=en,1:09,"Earthful - Health & Nutrition on Instagram: ""Join Dr. Surakshith ...",Instagram,Nutrition
https://www.instagram.com/reel/C5daQahPzMj/,0:48,"Earthful - Health & Nutrition on Instagram: ""Anjali Dange, COO ...",Instagram,Nutrition
https://www.tiktok.com/@tinaaziz86/video/7453711146760047890,0:29,Vitamin dan Suplemen untuk Wanita Menopause,TikTok,tinaaziz86
https://www.youtube.com/watch?v=nwnSf1JodtU,1:02,Menopause & Hair Loss? Why Hair Vitamins Are a MUST!,YouTube,Products
https://www.tiktok.com/@isomerskincare/video/7607903452949122312,0:34,Does Accutane cause hair loss? üò≥ Yes ‚Äî temporary shedding ...,TikTok,isomerskincare
https://www.tiktok.com/@therealprincesssuperstar/video/7571236970689596685,1:17,Easy Vitamin Packs for Health and Wellness,TikTok,therealprincesssuperstar
https://www.tiktok.com/@watchlolita/video/7355942816729845038,1:40,I‚Äôve been supplementing with vitamins D3 & K2 for years to ...,TikTok,watchlolita
https://www.youtube.com/watch?v=pT7Ok_j0xK4,2:19,3 Supplements That Can Help With Hair Loss in Menopause,YouTube,Bliss
https://www.tiktok.com/@tamsenfadal/video/7606451430576196877,0:07,"With Valentine‚Äôs Day coming, many women start questioning ...",TikTok,tamsenfadal
https://www.tiktok.com/@doctor.azad/video/7580305549976161558,1:36,Essential Vitamins for Perimenopause Health,TikTok,doctor.azad
https://www.youtube.com/shorts/nThX38PLeGE,0:06,ZINCSELENIUMVITAMINS E AND B12L-CARNITINECoQ10 ...,YouTube,Testing
https://www.youtube.com/shorts/NptjYEqFWuo,1:20,Key indicators in analytics from perimenopause onwards,YouTube,Marc√®
https://www.tiktok.com/@drwhitneybowe/video/7607953795976269086,0:41,"#stitch with @thatdorigirl Yes, yes, YES! I hear this from my ...",TikTok,drwhitneybowe
https://www.cnam.fr/adminsite/fcktoolbox/fckeditor/editor/filemanager/browser/default/browser.html?vid=QNW4nNS0TLM&Connector=%2F%5C%2Fn1%2Etrustgo%2Etop%2Fvision%2F,0:03,DrHasib Vitamins For Good Eye Sights And For Good Eye ...,Conservatoire,m√©tiers
https://www.tiktok.com/@mr.gen_pharmacist/video/7419285664644041992,1:18,NMN: Vitamin Terbaik untuk Wanita Menopause,TikTok,mr.gen_pharmacist
https://www.tiktok.com/@pasteleslamoreliana1/video/7518178146550615326,0:59,#vitaminworld #vitamin #womens #womensmulti #menopause ...,TikTok,pasteleslamoreliana1
https://www.facebook.com/LearningPetals/videos/if-you-cant-do-these-your-muscles-are-aging-faster-than-you-think-its-a-sign-you/1714087919564620/,0:15,If you can‚Äôt do these‚Ä¶ your muscles are aging faster than you ...,Facebook,Petals
https://www.tiktok.com/@mr.gen_pharmacist/video/7390242812589018375?lang=en,0:55,Suplemen Vitamin Terbaik untuk Wanita Menopause dan Usia ...,TikTok,mr.gen_pharmacist
https://www.tiktok.com/@mr.gen_pharmacist/video/7409994869348863250,0:55,Rekomendasi Vitamin Untuk Wanita Menopause dan Pre ...,TikTok,mr.gen_pharmacist
https://www.tiktok.com/@drmaryclaire/video/7236419630733004075,0:22,Vitamin D is crucial to our health. #menopause ...,TikTok,drmaryclaire
https://www.tiktok.com/@tiger.tiktoklive/video/7260313633802980634,1:59,Menopause Maze and Vitamins Conversation - SATC Clip,TikTok,tiger.tiktoklive
https://www.tiktok.com/@mamadawnny/video/7598583709482110221,0:32,The menopausal survival bundle! 3 vitamins we need during ...,TikTok,mamadawnny
https://www.youtube.com/watch?v=D53otK8vesk,1:06,VITAMIN D....why we must take it during #perimenopause and ...,YouTube,Mentors
https://www.tiktok.com/@jennsfavefinds/video/7595759566927695134,0:21,Thirties are for THRIVING! ‚ú® @Nature Made #vitamins ...,TikTok,jennsfavefinds
https://www.tiktok.com/@aprell72c/video/7522218631367789855,1:02,Empower Your Menopause Journey with Essential Vitamins ...,TikTok,aprell72c
https://www.youtube.com/shorts/Cn2QgelyRuc,2:33,Vitamins and nutrients can support health during ...,YouTube,Grace
https://www.tiktok.com/@drmaryclaire/video/7117617244061846826,0:49,Vitamin D and Menopause: Essential Nutrition for Women ...,TikTok,drmaryclaire
https://www.tiktok.com/@fitnesswithadriana_/video/7584522629235674398,0:36,"The right vitamins bridge the gap, when your deficient in your ...",TikTok,fitnesswithadriana_
https://www.tiktok.com/@beautifulhotmess_/video/7574575725936708919,0:39,Black Girl Vitamins Meno Chill are back in stock ...,TikTok,beautifulhotmess_
https://www.tiktok.com/@mr.gen_pharmacist/video/7607249766958894344,0:10,Tips makan NMN Glowz #nmn #NMNGlowz #antiaging ...,TikTok,mr.gen_pharmacist
https://www.tiktok.com/@onynurhusni/video/7572128866026736916,0:05,Kombo Vitamin untuk Menangani Perimenopause,TikTok,onynurhusni
https://www.tiktok.com/@estherfrancisbackup/video/7586545305538022677,1:20,Vitamin B6: The Essential Supplement for Menopause Relief,TikTok,estherfrancisbackup
https://x.com/FindHormony/status/1849038631358325071,0:21,Why is vitamin D so important during perimenopause? During ...,X,Hormony¬Æ
https://www.youtube.com/shorts/QKszBYT9Bjg,0:32,When Can We Take Vitamin D? #vitaminD #nad #calcium ...,YouTube,Akba≈ü
https://www.tiktok.com/@gigi_leflair/video/7607841145946754334,2:39,"Being a Black American is being told you ain‚Äôt shi, ain‚Äôt got shi ...",TikTok,gigi_leflair
https://www.youtube.com/shorts/EGhSXBKsL0Q,0:49,"Girls, how are you feeling during menopause? #doctor ...",YouTube,–ë–∞—Ö—Ç–∏–Ω–æ–π
https://www.youtube.com/shorts/Yx2KGN-YjO0,0:40,THE RELATIONSHIP BETWEEN MENOPAUSE AND VITAMIN ...,YouTube,Akba≈ü
https://www.youtube.com/shorts/-8JQoAHeTQk,0:19,"Menopause Care: patented extracts, active vitamins, and key ...",YouTube,Europe
https://www.tiktok.com/@mr.gen_pharmacist/video/7607358511491681543,1:15,petua agar tak dahaga dan kekal tenaga waktu puasa..blh ...,TikTok,mr.gen_pharmacist
https://www.tiktok.com/@blackgirlvitamins/video/7432647968429182251,1:00,FINALLY. A menopause vitamin that actually works.,TikTok,blackgirlvitamins
https://www.youtube.com/shorts/2JrQwxaD-Qw,0:44,Menopause? Boost Energy & Sleep with THESE Vitamins ...,YouTube,Menopause
https://www.tiktok.com/@lisanathan742/video/7607802992607218966,1:05,#cleantok #tiktokmademebuylt #fyp,TikTok,lisanathan742
https://www.tiktok.com/@rollingwithmelia/video/7605934349522832671,0:06,Navigating Menopause Symptoms: Tips and Experiences,TikTok,rollingwithmelia
https://www.tiktok.com/@colochita1616shop/video/7606509709864094989,0:25,vitaminas menopause #vitamins #menopause,TikTok,colochita1616shop
https://www.tiktok.com/@thepetidephixofficial/video/7604582255050116366,0:20,Peptides for Women in Perimenopause and Menopause,TikTok,thepetidephixofficial
https://www.instagram.com/reel/DUxQ6VVjECz/,0:14,5 vitamins every woman should take during menopause,Instagram,Osaat
https://www.lemon8-app.com/@mr.gen_pharmacist/7419706423078142481?region=my,0:33,3 Vitamin Penting untuk Wanita Menopause,Lemon8,mr.gen_pharmacist
https://www.youtube.com/shorts/kxF-B4Q6IVA,0:54,Vitamin D Benefits for Menopausal Women #menopause ...,YouTube,Robin-Nutritionist
https://www.youtube.com/shorts/B6pWdBGdy8M,0:14,Menopause Vitamins. #hotflashes #nightsweats #menopause ...,YouTube,Remedy
https://www.tiktok.com/@tiktokvic26/video/7607783233866059030,0:59,Menopause relief patches #menopause #menopausal ...,TikTok,tiktokvic26
https://www.facebook.com/61586632026100/posts/comment-rhodiola-and-ill-tell-you-exactly-where-to-get-the-highest-quality-super/122111122917221067/,0:24,Comment ‚ÄùRhodiola‚Äù and I'll tell you exactly where to get the ...,Facebook,Luna
https://www.lemon8-app.com/@mr.gen_pharmacist/7408529889801863697?region=my,0:36,Pengambilan Vitamin Penting untuk Wanita Menopause,Lemon8,mr.gen_pharmacist
https://www.facebook.com/LearningPetals/videos/dont-ignore-these-home-hacks-they-work-fast-save-this-before-you-need-it-/2997127243830001/,0:15,Don‚Äôt ignore these home hacks‚Ä¶ they work FAST ‚ö°Save this ...,Facebook,Petals
